Scholarship_Name,Scholarship_Type,Country,Funding_Level,Funding_Details,Application_Mode,Application_Month,Start_Date,End_Date,Quantity,For_Vietnamese,Eligibility,Field_Restriction,Eligible_Fields,Required_Degree,Min_Gpa,Bachelor_Ranking_Requirement,Bachelor_Field_Relevance,Experience_Years,Min_Working_Hours,Language_Certificate,Academic_Certificate,Awards_Requirement,Publication_Requirement,Age,Gender,Special_Circumstances,Career_Plan,Other_Requirements,Scholarship_Info,Application_Documents,Timeline,Url,Checked
Chevening  Schoolarship,Chính phủ,Anh,"Toàn phần, Sinh hoạt phí, Chi phí khác","Lệ phí xin thị thực vào Anh
Chi phí làm thủ tục nhập học, khám sức khỏe
Vé máy bay khứ hồi đến Anh với chuyến đi đã được cho phép
Học phí: Chevening tài trợ toàn bộ học phí khóa học; nếu học sinh MBA thì chỉ tài trợ 22,000GBP (nếu hơn ứng viên tự chi trả phần chênh lệch)
Sinh hoạt phí hàng tháng và một số phụ cấp",Thường niên,8,2025-08-05 00:00:00,2025-10-07 23:59:59,,True,,Không,,Bằng Cử nhân,Tùy khóa học,Bằng tốt nghiệp loại Khá trở lên,Không yêu cầu chặt chẽ,2.0,,"IELTS >= 6.5, Tùy khóa học",Không bắt buộc,Không,Không,Không yêu cầu,Không yêu cầu,Không,Ứng viên phải cam kết quay trở lại Việt Nam làm việc ít nhất 2 năm sau khi hoàn thành khóa học,"Lãnh đạo, Kết nối, Cam kết trở về, Tác động xã hội","Học bổng Chevening là một chương trình học bổng danh giá của chính phủ Anh. Với nguồn tài trợ chính đến từ Bộ ngoại giao Anh và Khối thịnh vượng chung cùng các đối tác, học bổng Chevening hỗ trợ khóa học thạc sĩ trong vòng 1 năm tại Vương quốc Anh, cho phép bạn học tập và trải nghiệm môi trường hàng đầu thế giới.","Đơn online nộp tại https://www.chevening.org/vietnam
Bằng cấp
Kinh nghiệm làm việc
Thư giới thiệu
Tthư nhập học không điều kiện (UCAS/UK uni offer)
Chứng chỉ tiếng Anh (nếu trường yêu cầu)
Phỏng vấn tại Đại sứ quán/Tổng lãnh sự quán Anh.","5/8 – 7/10/2025: Mở đơn 
Tháng 10 - tháng 1: Sàng lọc hồ sơ
Tháng 3 - tháng 4: Phỏng vấn
Giữa tháng 6: Kết quả phỏng vấn
9/7 năm kế tiếp: Hạn chót nộp offer
Tháng 9–10: Nhập học",https://www.chevening.org/,True
Australia Awards Scholarships AAS,Chính phủ,Úc,"Toàn phần, Sinh hoạt phí, Chi phí khác","học phí
sinh hoạt phí
vé máy bay khứ hồi
bảo hiểm y tế
hỗ trợ nghiên cứu
hỗ trợ ban đầu
phụ cấp sinh hoạt
đào tạo tiếng Anh trước khóa học nếu cần",Thường niên,2,2025-01-31 00:00:00,2025-04-30 20:59:59,1151.0,True,"Công dân từ các nước đang phát triển trong khu vực châu Á, Thái Bình Dương, châu Phi; không dành cho công dân Úc/NZ hoặc thường trú nhân; không dành cho quân nhân đang phục vụ; không được kết hôn/đính hôn với công dân/thường trú nhân Úc/NZ.",Có,"Civil, Electrical, Mechanical, Environmental, Public Health, Nursing, Medicine, Pharmac, Agribusiness, Forestry, Climate Change, Water Management, Teaching, Early Childhood Education, Educational Leadership, International Relations, Law, Development Studies, Finance, Management, Accounting, Economics, Data Science, Artificial Intelligence, Renewable Energy",Bằng Cử nhân,Tùy khóa học,Có,Không yêu cầu chặt chẽ,0.0,0.0,"IELTS >= 6.5, TOEFL iBT >= 84, PTE Academic >= 58","GMAT, GRE, Không bắt buộc",Không,Không,Từ 18 tuổi trở lên,Không yêu cầu,"Không được kết hôn/đính hôn với công dân/thường trú nhân Úc/NZ, không là quân nhân đương chức, không có tiền án đặc biệt liên quan đến trẻ em/PSEAH",Yêu cầu phải trở về nước ít nhất 2 năm để đóng góp phát triển (nếu không sẽ phải hoàn trả toàn bộ chi phí học bổng),"Cam kết trở về, Tầm nhìn","Học bổng dài hạn, toàn phần do Bộ Ngoại giao và Thương mại Úc quản lý nhằm phát triển nguồn nhân lực cho các quốc gia đối tác trong khu vực Ấn Độ Dương – Thái Bình Dương.","
Đơn online qua hệ thống OASIS hoặc bản cứng
Giấy tờ tùy thân (CMND/hộ chiếu)
Bằng cấp, bảng điểm
Chứng chỉ tiếng Anh
CV
Thư giới thiệu (Referee reports)
Kế hoạch phát triển (Development Impact Plan – nếu yêu cầu)",,https://www.dfat.gov.au/people-to-people/australia-awards/australia-awards-scholarships,True
Fulbright Vietnamese Student Program,Chính phủ,Hoa Kỳ,"Toàn phần, Sinh hoạt phí, Chi phí khác","Học phí
Sinh hoạt phí hàng tháng
Bảo hiểm ốm đau và tai nạn
Vé máy bay khứ hồi giữa Việt - Nam và Hoa Kỳ",Thường niên,12,2024-12-01 00:00:00,2025-04-01 17:00:00,,True,"Hợp lệ:
- Là công dân Việt Nam (không mang hai quốc tịch và cư trú ở Việt Nam trong suốt quá trình dự tuyển)
- Ưu tiên dành cho các ứng viên có ít trải nghiệm hoặc không có trải nghiệm gần đây tại Hoa Kỳ
Không hợp lệ: 
- Đã từng nhận học bổng Thạc sỹ Fulbright.
- Đang sinh sống hoặc học tập tại Hoa Kỳ hoặc một quốc gia khác.
- Đã có bằng Cử nhân hoặc Thạc sỹ từ một trường Đại học/Cao đẳng Hoa Kỳ trong vòng 3 năm qua.
- Nhân viên và vợ/chồng/con của nhân viên làm việc cho Phái đoàn Ngoại giao Hoa Kỳ tại Việt Nam trực thuộc Bộ Ngoại - giao Hoa Kỳ (trong thời gian làm việc và 1 năm sau khi nghỉ việc)
- Đã nhận học bổng toàn phần cho bậc sau đại học trong vòng 5 năm qua bất kể từ nguồn tài trợ tài chính nào.",Có,"Art, Biological Sciences, Business, Education, Engineering (Chemical, Civil & Environmental, Electrical, Industrial, Materials Science and Engineering), Physical Sciences, Computer Science, Mathematics, Physics, Health and Medical Sciences, Public Administration, Humanities, Law, Social Sciences, Other (tham khảo danh sách chi tiết tại website Fulbright)",Bằng Cử nhân,Không yêu cầu,Không,Yêu cầu chặt chẽ,2.0,0.0,"IELTS >= 6.5, TOEFL iBT ≥ 79, Duolingo ≥ 110, TOEFL Essentials ≥ 8.5","GMAT, GRE",Không,Không,Không yêu cầu,Không yêu cầu,Không,Thể hiện sự cống hiến cho Việt Nam và tiềm năng tạo ra các tác động tích cực khi quay trở về.,"Lãnh đạo, Kết nối, Cam kết trở về, Tầm nhìn, Hoạt động cộng đồng","Phái đoàn Ngoại giao Hoa Kỳ tại Việt Nam tìm kiếm các ứng viên đủ điều kiện cho Chương trình Sinh viên Việt Nam Fulbright 2026, chương trình này cung cấp học bổng toàn phần cho những cá nhân theo học bậc Thạc sĩ tại Hoa Kỳ. Các ứng viên đa dạng từ khắp Việt Nam, theo đuổi nhiều lĩnh vực học tập khác nhau, đều được chào đón nộp đơn. Đặc biệt khuyến khích các hồ sơ thuộc lĩnh vực Khoa học và Công nghệ.","Đơn dự tuyển trực tuyến nộp tại https://apply.iie.org/ffsp2026/   
02 bài luận
03 thư giới thiệu
Bảng điểm và bằng tốt nghiệp từ bậc đại học trở lên
Chứng chỉ TOEFL/IELTS/TOEFL Essentials/Duolingo còn giá trị sử dụng
Lý lịch công việc (CV)","Tháng 12/2024: Thông báo nhận hồ sơ trực tuyến
1/4/2025: Hạn cuối nhận hồ sơ
Tháng 6 – 7/2025: Xét duyệt hồ sơ & tuyển chọn ứng viên vào vòng phỏng vấn
Tháng 8/2025: Phỏng vấn & lựa chọn ứng viên trúng tuyển
Tháng 9 – 10/2025: Ứng viên trúng tuyển thi GRE/GMAT/TOEFL iBT/IELTS
Tháng 11/2025 –3/2026: Nộp hồ sơ vào các trường Đại học Hoa Kỳ
Tháng 4 – 5/2026: Quyết định chính thức về trường mà ứng viên sẽ theo học
Tháng 5 hoặc 6/2026: Chương trình Phổ biến thông tin trước khi đi học cho ứng viên trúng tuyển
Tháng 6 – 7/2026: Khám sức khỏe & phỏng vấn thị thực Hoa Kỳ
Tháng 7 – 8/2026: Khởi hành sang Hoa Kỳ",https://us.fulbrightonline.org/,True
Manaaki New Zealand Scholarship,Chính phủ,New Zealand,"Toàn phần, Sinh hoạt phí, Chi phí khác","100% học phí.
Trợ cấp sinh hoạt (trợ cấp) cho các chi phí hàng ngày.
Trợ cấp thành lập cho chi phí thiết lập ở New Zealand.
Bảo hiểm y tế và du lịch.
Vé máy bay đến và đi từ New Zealand.
Hỗ trợ nghiên cứu và luận án (dành cho nghiên cứu sinh sau đại học).",Thường niên,2,2026-02-01 00:00:00,2026-08-31 00:00:00,,True,"Chỉ dành cho công dân các quốc gia đủ điều kiện (trong đó có Việt Nam), phải sống tại quốc gia ít nhất 2 năm trước khi nộp, cam kết quay về nước ít nhất 2 năm sau tốt nghiệp",Có,"Climate Change and the Environment, Climate change, Climate change science, Climate Finance, Environmental policy and planning, Environmental law, Civil engineering, Water management, Marine science, Marine conservation, Natural resource management, Disaster Management, Emergency management, Geology, Geotechnical engineering, Meteorology, Water Engineering, Disaster Risk Response, Geospatial Information Systems, Agribusiness, Agricultural science, Agricultural technology, Aquaculture, Farm management, Food technology, Supply chain management, Veterinary Studies, Veterinary Science, Animal Science, Food Safety and Quality, Renewable Energy, Energy science and technology, Energy distribution systems and technologies, Energy management, Energy engineering, Renewable energy, Engineering, Geothermal engineering, Governance, Public policy, Public management, Political science, International relations, International security, Cyber security, Law, Legal studies, Education management, Indigenous studies, Development studies,  Business, E-commerce, International business, Marketing, Occupational Health and Safety, Trade policy, ICT, Electronics, Electrical engineering",Bằng Cử nhân,"Tùy khóa học, Không yêu cầu",Không,Không đề cập,0.0,0.0,Tùy khóa học,Không bắt buộc,Không,Không,Từ 18 tuổi trở lên,Không yêu cầu,Không,Bắt buộc cam kết quay về nước ít nhất 2 năm để đóng góp phát triển quốc gia,"Lãnh đạo, Cam kết trở về, Kết nối, Tác động xã hội, Tầm nhìn","Học bổng toàn phần do Chính phủ New Zealand tài trợ, quản lý bởi MFAT, mục tiêu phát triển bền vững và xây dựng nhân lực cho các quốc gia đối tác","Thư giới thiệu (nếu có).
Giấy xác nhận tình trạng sinh viên/Giấy chứng nhận trung học phổ thông hoặc Tốt nghiệp cử nhân.
Bảng điểm học tập chương trình cử nhân (nếu có).
Bằng chứng về trình độ ngôn ngữ (tiếng Anh) / Phương tiện giảng dạy (tiếng Anh).
CV (nếu cần).
Thư động lực/tuyên bố mục đích (nếu có).
Tài liệu bổ sung cho các trường hợp đặc biệt.
Bản sao hộ chiếu còn hiệu lực (ảnh và trang thông tin).
Bản sao cỡ hộ chiếu (Ảnh chuyên nghiệp với nền trắng và kích thước dưới 2 MB).
 Thư mời nhập học đại học (nếu đã được cấp).",,https://www.nzscholarships.govt.nz/,True
Government of Ireland International Education Scholarships (GOI - IES),Chính phủ,Ireland,"Sinh hoạt phí, Toàn phần","Khoản trợ cấp €10,000 cho một năm học toàn thời gian tại các cấp độ NFQ 9 hoặc 10.
Toàn bộ học phí trong 1 năm ",Thường niên,12,,2025-03-06 23:00:00,60.0,True,"Ứng viên phải có quốc tịch ngoài EU/EEA, Thụy Sĩ và Vương quốc Anh.",Không,,Bằng Cử nhân,Tùy khóa học,Không,Không yêu cầu chặt chẽ,0.0,0.0,Tùy khóa học,Không bắt buộc,"Không, Thành tích học tập tốt",Không,Không yêu cầu,Không yêu cầu,Không,Trình bày rõ ràng định hướng nghề nghiệp và tại sao chọn Ireland,"Lãnh đạo, Kỹ năng giao tiếp, Cam kết trở về, Hoạt động ngoại khóa","Học bổng Giáo dục Quốc tế Chính phủ Ireland (GOI-IES) là chương trình uy tín do Bộ Giáo dục Đại học, Nghiên cứu, Đổi mới và Khoa học Ireland tài trợ, được quản lý bởi Cơ quan Giáo dục Đại học (HEA). Mỗi năm, chương trình trao 60 suất học bổng cho sinh viên quốc tế có thành tích xuất sắc đến học tập toàn thời gian tại Ireland ở bậc thạc sĩ (NFQ 9) hoặc tiến sĩ (NFQ 10).
Học bổng bao gồm: trợ cấp sinh hoạt €10,000 trong một năm, cùng với miễn toàn bộ học phí và phí đăng ký do trường đại học chủ trì chi trả. Mục tiêu của chương trình là thu hút những cá nhân có năng lực học thuật vượt trội, có khả năng trở thành đại sứ văn hóa và học thuật của Ireland tại quê hương và trên thế giới.","Đơn online
2 thư giới thiệu
onditional/final offer
Essay nêu lý do chọn Ireland và định hướng","5/3/2025: Kết thúc vòng hồ sơ
6/2025: Kết quả vòng hồ sơ
Tháng 9 - 10/2025: Nhập học",https://hea.ie/2021/12/02/government-of-ireland-international-education-scholarships-2022/,True
Study Scholarships – Master Studies for All Academic Disciplines • DAAD,Chính phủ,Đức,"Sinh hoạt phí, Trợ cấp học tập, Chi phí khác","Trợ cấp sinh hoạt 992 euro/tháng
Hỗ trợ bảo hiểm y tế, tai nạn và trách nhiệm dân sự cá nhân
Trợ cấp đi lại
Trợ cấp học tập hằng năm: €460
Trợ cấp thuê nhà hàng tháng (có thể xin thêm)
Trợ cấp cho thành viên gia đình đi cùng (có thể xin thêm)
Hỗ trợ cho ứng viên khuyết tật hoặc bệnh mãn tính (nếu có)
Hỗ trợ Green Mobility (du lịch thân thiện môi trường) hoặc hoàn tiền bù khí thải carbon cho chuyến bay
Học phí khóa học tiếng Đức trực tuyến, khóa tiếng Đức 2–6 tháng trước khi bắt đầu chương trình, trợ cấp cho khóa tiếng Đức cá nhân, hoàn phí thi TestDaF/DSH
Lưu ý: DAAD không chi trả học phí.",Tùy giai đoạn,,2026-10-01 00:00:00,,,True,Không,Không,,Bằng Cử nhân,Không yêu cầu,Không,Không yêu cầu chặt chẽ,2.0,0.0,Không có thông tin,Không bắt buộc,Có sẽ được đánh giá rất cao,Không,Không yêu cầu,Không yêu cầu,Ứng viên khuyết tật hoặc có bệnh mãn tính có thể xin thêm hỗ trợ tài chính,,"Hoạt động ngoại khóa, Hoạt động cộng đồng","Học bổng DAAD – Thạc sĩ cho tất cả ngành học, được tài trợ bởi Bộ Ngoại giao Liên bang Đức, hỗ trợ sinh viên quốc tế học toàn phần hoặc một phần chương trình Thạc sĩ tại Đức.
Xin lưu ý: Đối với các ứng viên từ các ngành nghệ thuật và lĩnh vực kiến trúc, DAAD cung cấp các chương trình học bổng khác tại https://www2.daad.de/
","Mẫu đơn đăng ký DAAD “Đơn xin học bổng nghiên cứu/học tập”.
CV được sắp xếp theo trình tự thời gian đảo ngược, không có khoảng trống thời gian mà không có giải thích (europass cv), bao gồm thông tin chính xác về quá trình học tập và kinh nghiệm thực tế.
Thư động lực, có nêu chi tiết lý do học tập, lý do nghề nghiệp và lý do cá nhân để đăng ký tham gia chương trình.
Thư giới thiệu từ người sử dụng lao động hiện tại. Thư phải bao gồm letter head, chữ ký và con dấu chính thức.
(Các) giấy chứng nhận việc làm từ (các) người sử dụng lao động cho thấy ứng viên có ít nhất hai năm kinh nghiệm làm việc liên quan sau khi có bằng cử nhân tại thời điểm nộp hồ sơ. Giấy chứng nhận việc làm từ người sử dụng lao động hiện tại, nếu có thể, phải bao gồm sự đảm bảo về việc làm lại sau khi trở về nước.
Chứng chỉ ngôn ngữ gần đây: Tiếng Anh hoặc Tiếng Đức (Chỉ cần cho các khóa học dạy bằng tiếng Đức).
Bản sao chứng chỉ trình độ giáo dục đại học bao gồm bản dịch được chứng thực nếu bản gốc không phải bằng tiếng Đức hoặc tiếng Anh.
Bản sao bảng điểm hoàn chỉnh bao gồm phần giải thích về hệ thống chấm điểm.",,https://www2.daad.de/deutschland/stipendium/datenbank/en/21148-scholarship-database/?detail=50026200,True
Erasmus Mundus Joint Masters,Chính phủ,Liên minh châu Âu,"Toàn phần, Sinh hoạt phí, Chi phí khác","100% học phí 
Chi phí đi lại, visa, vé máy bay quốc tế
1100 - 1200 euro sinh hoạt phí hàng tháng",Thường niên,10,2026-10-01 00:00:00,2027-01-01 00:00:00,2400.0,True,"Không phải công dân EU, không cư trú/làm việc ở EU quá 12 tháng trong 5 năm gần đây",Không,"Arts, Chemistry, Economics, Education, Environmental and Geosciences, History, Engineering and Information Sciences, IT, Law, Life Sciences, Literature, Mathematics, Physics, Political Science, Psychology, Social Sciences (SOC), Humanities, Business, Health, …","Bằng Cử nhân, Sắp tốt nghiệp","Tùy khóa học, 2.5",Không,Không yêu cầu chặt chẽ,0.0,0.0,"IELTS >= 6.5, Chứng chỉ tương đương","Không bắt buộc, GMAT, GRE","Không, Có sẽ được đánh giá rất cao",Không,Không yêu cầu,Không yêu cầu,Không,"Không ràng buộc trở về
Khuyến khích ứng viên có định hướng nghề nghiệp quốc tế
Có thể ở lại làm việc tại EU nhờ job-search visa",,"Chương trình Thạc sĩ liên kết Erasmus Mundus là những chương trình thạc sĩ quốc tế danh giá, được thiết kế và triển khai chung bởi một nhóm các cơ sở giáo dục đại học. Chương trình bao gồm các giai đoạn học tập, nghiên cứu, thực tập, chuẩn bị và bảo vệ luận văn. Học bổng là toàn phần và bao gồm học phí, chi phí đi lại, visa và trợ cấp sinh hoạt. 
Khi tham gia chương trình, ứng viên được học tập tại 2 - 4 quốc gia, trong vòng 1 - 2 năm (tương đương 60 - 120 ETCS).","CV (theo Europass)
Thư động lực (Motivation Letter / Statement of Purpose)
Thư giới thiệu (2 LOR)
Chứng chỉ ngoại ngữ (IELTS/TOEFL hoặc tương đương)
Bằng cử nhân và bảng điểm (dịch công chứng)
Hộ chiếu
Các giấy tờ bổ sung: giải thưởng, chứng chỉ, minh chứng hoạt động (nếu có)
Một số chương trình có thể yêu cầu: Interview, Project, Research Proposal","Tháng 10 - tháng 1 (hoặc tháng 3 tùy chương trình): Nộp hồ sơ
",https://erasmus-plus.ec.europa.eu/opportunities/opportunities-for-individuals/students/erasmus-mundus-joint-masters-scholarships,True
Orange Knowledge Program In Netherlands OKP,Chính phủ,Hà Lan,"Toàn phần, Sinh hoạt phí, Chi phí khác","100% học phí
trợ cấp hàng tháng 970 EUR/tháng
bảo hiểm 40 EUR/tháng
vé máy bay 1.550 EUR khứ hồi
phí visa 171 EUR
sách vở 585 EUR",Tùy giai đoạn,,,,,True,"yêu cầu ứng viên là công dân và đang làm việc tại quốc gia thuộc danh sách OKP; ưu tiên cán bộ nhà nước, cơ quan giáo dục, tổ chức xã hội, hoặc tư nhân trong lĩnh vực ưu tiên, thành thạo tiếng Anh hoặc tiếng Pháp. Ưu tiên ứng viên đang làm việc trong lĩnh vực ưu tiên tại quốc gia đủ điều kiện.",Có,"Water Management, Agriculture, Sustainable Ecosystems, Food Security, Reproductive Health and Rights, Security and the Rule of Law, Governance, Economics, Environmental Sciences, Engineering, ...",Bằng Cử nhân,Không yêu cầu,Không,Yêu cầu chặt chẽ,0.0,0.0,Không có thông tin,Không bắt buộc,Không,Không,Không yêu cầu,Không yêu cầu,Không,CCm kết áp dụng và chuyển giao kiến thức cho tổ chức đang làm việc.,"Cam kết trở về, Đóng góp phát triển","Đây là chương trình học bổng toàn phần dành cho sinh viên quốc tế theo học tại các trường đại học ở Hà Lan. Orange Knowledge Programme (OKP) là một chương trình học bổng danh giá nhằm hỗ trợ các chuyên gia đến từ các quốc gia đang phát triển trong quá trình theo đuổi giáo dục bậc cao và các cơ hội phát triển nghề nghiệp tại Hà Lan.
Chương trình học bổng OKP tập trung vào nhiều lĩnh vực đa dạng, bao gồm nông nghiệp, kỹ thuật, khoa học môi trường, kinh tế, quản trị, và nhiều ngành khác. Mục tiêu của chương trình là trao quyền cho cá nhân bằng những kiến thức và kỹ năng cần thiết để giải quyết các thách thức toàn cầu cấp bách, đồng thời thúc đẩy những thay đổi tích cực trong lĩnh vực chuyên môn cũng như cộng đồng của họ.","Thư từ nhà tuyển dụng (employer statement)
Thư động lực (motivation letter)
Hộ chiếu (passport)
Bản cam kết từ chính phủ (government statement, nếu yêu cầu)
Thư chấp nhận học tại trường Hà Lan (admission letter)",,https://opportunityportal.info/orange-knowledge-programme/,True
France Excellence Eiffel Scholarship Program,Chính phủ,Pháp,"Sinh hoạt phí, Chi phí khác","1.181 EUR trợ cấp sinh hoạt hàng tháng
Vé máy bay quốc tế, đi lại trong nước
Bảo hiểm",Thường niên,10,2025-10-01 05:00:00,2026-01-09 05:59:59,,True,"Ứng viên phải do trường đại học Pháp đề cử, không chấp nhận nộp trực tiếp bởi sinh viên. Học bổng không được kết hợp với Erasmus+, AUF, hoặc học bổng Chính phủ Pháp khác.",Có,"Biology and health, Ecological transition, Mathematics and digital sciences, Engineering, French history - language - and civilization, Law and political science, Economics and management","Bằng Cử nhân, Tương đương bằng Cử nhân",Không yêu cầu,Không,Yêu cầu chặt chẽ,0.0,0.0,Tùy khóa học,Không bắt buộc,Không,Không,Dưới 27 tuổi,Không yêu cầu,Không,Mục tiêu là đào tạo “future leaders” cho khu vực công & tư.,,Chương trình học bổng Eiffel được Bộ Ngoại giao Pháp thành lập nhằm giúp các cơ sở giáo dục đại học Pháp thu hút sinh viên quốc tế xuất sắc vào chương trình Thạc sĩ và Tiến sĩ. Mục tiêu của chương trình là đào tạo các nhà lãnh đạo tương lai từ bên ngoài nước Pháp trong các lĩnh vực ưu tiên.,"Hồ sơ học thuật & bằng cấp
Giấy chứng nhận nhập học (do trường Pháp đề cử)
Giấy tờ cá nhân (hộ chiếu, thông tin liên lạc)
Chứng nhận bảo hiểm y tế khi sang Pháp","1/10/2025: Mở đơn đăng ký 
8/1/2026: Đóng đơn đăng ký
Giữa tháng 4/2026: Công bố kết quả",https://www.campusfrance.org/en/france-excellence-eiffel-scholarship-program,True
MBA National University of Singapore (NUS),Trường,Singapore,"Toàn phần, Bán phần","xét dựa trên thành tích, tiềm năng lãnh đạo, và hoàn cảnh tài chính",Thường niên,8,2025-08-01 00:00:00,2025-10-30 00:00:00,,True,Không,Không,,Bằng Cử nhân,Thành tích học tập xuất sắc,Không,Yêu cầu chặt chẽ,2.0,0.0,"IELTS >= 7.0, TOEFL iBT >= 100","GMAT, GRE, GMAT Focus","Có sẽ được đánh giá rất cao, Không",Không,Không yêu cầu,Không yêu cầu,Yếu tố hoàn cảnh tài chính được xét đến trong học bổng ASEAN MBA,,"Lãnh đạo, Hoàn cảnh tài chính","Tất cả ứng viên sẽ tự động được xét học bổng NUS MBA (không cần nộp đơn riêng). Học bổng được xét và trao liên tục trong suốt chu kỳ tuyển sinh – khuyến khích nộp sớm để tăng cơ hội. Học bổng NUS MBA ASEAN dành cho ứng viên hệ full-time đến từ các quốc gia ASEAN (ngoại trừ Singapore). Tiêu chí xét chọn gồm: thành tích học tập và nghề nghiệp, chất lượng hồ sơ, tiềm năng lãnh đạo, và hoàn cảnh tài chính.","Đơn ứng tuyển online
Bài luận
Phí nộp hồ sơ
Video assessment (trả lời 1 câu hỏi phỏng vấn, bắt buộc)
Phỏng vấn trực tuyến (30 phút, dành cho ứng viên được shortlist)
GMAT/GRE, TOEFL/IELTS (nếu cần)
CV/Resume
Bằng cấp & bảng điểm","Mở đơn: 01/08/2025
Vòng 1: 30/10/2025
Vòng 2: 15/01/2026
Vòng 3: 31/03/2026
Video assessment: 1–3 ngày sau nộp hồ sơ
Phỏng vấn: 2–4 tuần sau video assessment
Kết quả: khoảng 2 tuần sau phỏng vấn
Nhập học: 08/2026",https://mba.nus.edu.sg/admissions-and-funding/#how-to-apply,True
Invest Your Talent In Italy YIT,Chính phủ,Ý,"Toàn phần, Sinh hoạt phí","100% học phí
1000 EUR/ tháng (9 tháng/ năm)
miễn phí đăng ký",Thường niên,1,2025-01-23 06:00:00,2025-02-24 18:00:00,,True,"Công dân và đang sinh sống tại 18 quốc gia, trong đó có Việt Nam. Không áp dụng cho sinh viên đã học hoặc tốt nghiệp tại Ý",Có,"Engineering, Advanced Technologies, Economics, Management, Architecture, Design","Bằng Cử nhân, Tương đương bằng Cử nhân",Không yêu cầu,Không,Yêu cầu chặt chẽ,0.0,0.0,Tiếng Anh B2,Không bắt buộc,Không,Không,Dưới 26 tuổi,Không yêu cầu,Không,"Thời gian thực tập bắt buộc tại doanh nghiệp Ý, định hướng gắn kết nghề nghiệp quốc tế.",,"Học bổng Invest Your Talent in Italy (YIT) do Chính phủ Ý tài trợ, hỗ trợ sinh viên quốc tế đến từ một số quốc gia (bao gồm Việt Nam) theo học các chương trình thạc sĩ tại các trường đại học Ý, kết hợp với cơ hội thực tập tại các công ty Ý.","Bảng điểm và bằng cử nhân
Chứng chỉ tiếng Anh (B2 CEFR, IELTS/TOEFL/TOEIC hoặc bằng cấp học bằng tiếng Anh)
Chứng chỉ tiếng Ý (Tùy chọn) 
Video 1 phút về động lực
CV/Resume
Hộ chiếu hợp lệ
Dịch thuật công chứng nếu tài liệu không phải tiếng Anh/Ý/Pháp/Tây Ban Nha","23/01 – 24/02/2025: Mở đơn → Hạn chót nộp hồ sơ
Tháng 3–6/2025: Đánh giá hồ sơ
Tháng 6–7/2025: Đại sứ quán xét duyệt, công bố kết quả
Tháng 8/2025: Xin visa
Tháng 9/2025: Nhập học tại Ý
Tháng 10/2025: Bắt đầu năm học",https://investyourtalentapplication.esteri.it/SitoIYT/EN/invest-your-talent-in-italy,True
Hungary Government Scholarship,Chính phủ,Hungary,"Toàn phần, Sinh hoạt phí, Chi phí khác","100% học phí
Trợ cấp 43.700 HUF / tháng
Hộ trợ chỗ ở 40 000 HUF / tháng 
Bảo hiểm y tế lên đến 65 000 HUF một năm / người",Thường niên,"9, 10",2025-09-09 00:00:00,2025-01-16 05:59:59,5000.0,True,"Ứng viên phải được cơ quan gửi (sending partner) đề cử, ví dụ Bộ GD&ĐT Việt Nam hoặc Đại sứ quán Hungary tại Việt Nam",Có,"Engineering & Technology, Medical & Health Sciences, Natural Sciences, Agricultural Studies, Social Sciences, Business & Economics, Humanities & Arts, Law & Legal Studies, Information Technology, Mechanical Engineering, Civil Engineering, Computer Science, Architecture, Medicine, Dentistry, Pharmacy, Nursing, Public Health, Physics, Chemistry, Biology, Environmental Science, Agribusiness, Animal Husbandry, Horticulture, International Relations, Political Science, Psychology, Sociology, Finance, Marketing, Management, Literature, History, Philosophy, Fine Arts, Music, International Law, European Law, Data Science, Artificial Intelligence, Software Engineering, ...",Bằng Cử nhân,"Không yêu cầu, Thành tích học tập xuất sắc",Không,Yêu cầu chặt chẽ,0.0,0.0,"Tùy khóa học, Tiếng Anh, Tiếng Hungary",Không bắt buộc,"Không, Có sẽ được đánh giá rất cao",Không,Từ 18 tuổi trở lên,Không yêu cầu,Không,Thể hiện động lực và định hướng nghề nghiệp trong thư động lực.,Cam kết học tập nghiêm túc,"Học bổng Chính phủ Hungary (Stipendium Hungaricum) là học bổng toàn phần dành cho sinh viên quốc tế. Học bổng bao gồm học phí, trợ cấp sinh hoạt 43.700 HUF/tháng, hỗ trợ chỗ ở 40.000 HUF/tháng và bảo hiểm y tế lên tới 65.000 HUF mỗi năm/người.","Mẫu đơn đăng ký online https://apply.stipendiumhungaricum.hu/
Bằng cấp và bảng điểm học tập
Chứng chỉ ngoại ngữ (IELTS, TÒEL hoặc chứng chỉ tiếng Hungary)
Thư động lực
CV
Thư giới thiệu / Thư đề cử
Hộ chiếu
Giấy khám sức khỏe
Ảnh thẻ
Tài liệu bổ sung (nếu có)","09/09/2025: Mở đơn
16/01/2026, 05:59: Đóng đơn đăng ký
Tháng 2/2026: đối tác gửi đề cử ứng viên
Tháng 3–5/2026: kỳ thi tuyển sinh do các trường Hungary tổ chức
Tháng 6–7/2026: công bố kết quả",https://scholarshiproar.com/hungary-government-scholarship/#google_vignette,True
Japanese Government (MEXT) Scholarships - Research Students,Chính phủ,Nhật Bản,"Toàn phần, Sinh hoạt phí, Chi phí khác","100% học phí
~143,000–148,000 JPY trợ cấp hàng tháng 
Vé máy bay khứ hồi
Bảo hiểm y tế",Thường niên,"4, 5",,,,True,Dành cho ứng viên quốc tế từ các quốc gia có quan hệ ngoại giao với Nhật Bản,Không,,"Bằng Cử nhân, Sắp tốt nghiệp","2.3/3.0, Thành tích học tập xuất sắc",Không,Yêu cầu chặt chẽ,0.0,0.0,"TOEFL iBT >= 72, IELTS >= 5.5, Tiếng Nhật",Không bắt buộc,Không,"Không, nếu có bài báo khoa học sẽ là lợi thế",Dưới 35 tuổi,Không yêu cầu,Không,,Cam kết nhập học đúng thời gian quy định,"Học bổng MEXT, được cung cấp bởi Bộ Giáo dục, Văn hóa, Thể thao, Khoa học và Công nghệ Nhật Bản, là một chương trình toàn phần danh giá hỗ trợ sinh viên quốc tế theo học bậc cao học tại Nhật Bản.","Đơn đăng ký (Application form)
Study Plan / Research Proposal (kế hoạch học tập/nghiên cứu)
Bằng cấp và bảng điểm (dịch công chứng)
Thư giới thiệu (Recommendation letter)
Giấy khám sức khỏe (Health certificate)
Chứng chỉ ngoại ngữ (IELTS/TOEFL hoặc JLPT nếu có)
Hộ chiếu hoặc giấy tờ tùy thân
Các giấy tờ bổ sung theo yêu cầu của Đại sứ quán hoặc Trường ĐH Nhật Bản","Tháng 4–5: Mở đơn qua Đại sứ quán Nhật tại Việt Nam
Tháng 6–7: Thi viết và phỏng vấn tại Đại sứ quán
Tháng 8–9: Nhận kết quả sơ tuyển, gửi hồ sơ sang Nhật Bản
Tháng 11–12: Nhận kết quả chính thức từ MEXT
Tháng 4 hoặc tháng 10 năm sau: Nhập học tại Nhật Bản",https://www.studyinjapan.go.jp/en/planning/scholarships/mext-scholarships/,True
Chinese Government Scholarships,Chính phủ,Trung Quốc,"Toàn phần, Sinh hoạt phí, Chi phí khác","100 % học phí
Chỗ ở ký túc xá
3.000 CNY/tháng sinh hoạt phí
400–800 CNY/năm bảo hiểm y tế",Thường niên,12,,,,True,"Sinh viên quốc tế, không mang quốc tịch Trung Quốc, sức khỏe tốt, có thư giới thiệu từ giảng viên/giáo sư.",Không,"Engineering, Medical, Management, Law, Arts, Design, Education, Agriculture, ...","Bằng Cử nhân, Sắp tốt nghiệp",Thành tích học tập xuất sắc,Không,Yêu cầu chặt chẽ,0.0,0.0,"Tiếng Anh, Tiếng Trung >= HSK 4",Không bắt buộc,"Có sẽ được đánh giá rất cao, Không","Không, nếu có sẽ là lợi thế",Dưới 35 tuổi,Không yêu cầu,Không,Cần trình bày rõ Study Plan/ Research Proposal,,"Học bổng Chính phủ Trung Quốc (CSC) là chương trình toàn phần do Bộ Giáo dục Trung Quốc tài trợ, hỗ trợ sinh viên quốc tế học tập tại hơn 270 trường đại học được chỉ định.","Đơn đăng ký online (Application form)
Hộ chiếu (scan trang đầu)
Bằng Cử nhân & Bảng điểm (dịch công chứng)
Giấy chứng nhận tiếng Anh/HSK (nếu có)
Kế hoạch học tập/Nghiên cứu (Study/Research Plan)
Thư giới thiệu (2 thư từ giảng viên/giáo sư)
Giấy khám sức khỏe (Foreigner Physical Examination Form)
Giấy xác nhận không tiền án tiền sự (Non-criminal record certificate)
Thư mời/Acceptance letter từ giáo sư (không bắt buộc nhưng có lợi thế)
Portfolio (nếu ứng tuyển ngành Nghệ thuật/Thiết kế)","Tháng 12: Hệ thống mở đơn online (CSC Portal)
Tháng 1 – 4: Hạn nộp hồ sơ (tùy từng trường/Đại sứ quán)
Tháng 5 – 6: Hội đồng xét duyệt CSC
Tháng 7: Công bố kết quả trúng tuyển
Tháng 9: Nhập học tại Trung Quốc",https://www.chinesescholarshipcouncil.com/,True
Excellence Scholarship & Opportunity Programme (ESOP) - ETH Zurich ,Trường,Thụy Sĩ,"Toàn phần, Sinh hoạt phí","100% học phí
12.000 CHF/semester chi phí học tập và sinh hoạt",Thường niên,11,2025-11-01 06:00:00,2025-12-01 06:59:59,,True,"Ứng viên Thạc sĩ (không áp dụng cho MAS), kết quả Cử nhân xuất sắc (top 10% = điểm A)",Không,,"Bằng Cử nhân, Sắp tốt nghiệp ETH Bachelor",Thành tích học tập xuất sắc,Top 10% khóa Cử nhân (tương đương điểm A),Yêu cầu chặt chẽ,0.0,0.0,"Tùy khóa học, Tiếng Anh",Không bắt buộc,Thành tích học tập tốt,Không,Không yêu cầu,Không yêu cầu,Không,Thể hiện định hướng nghề nghiệp/ nghiên cứu tại pre-proposal cho Master’s thesis,,"Chương trình Học bổngExcellence Scholarship & Opportunity Programme (ESOP) hỗ trợ sinh viên bằng học bổng, cố vấn và mạng lưới ETH Foundation. Học bổng bao gồm toàn bộ chi phí học tập và sinh hoạt trong suốt khóa học Thạc sĩ.","Đơn ứng tuyển online qua hệ thống eApply (cùng với hồ sơ Master)
Pre-proposal cho luận văn Thạc sĩ (tự viết, có trích dẫn khoa học chuẩn)
CV (ghi rõ số điện thoại, vì có thể phỏng vấn tháng 2)
2 người tham chiếu (nếu chương trình Master không yêu cầu thư giới thiệu riêng)
Các tài liệu chuẩn để nộp Master tại ETH (Bằng, bảng điểm, chứng chỉ ngoại ngữ, SOP, ...)","01/11/2025 6:00: Mở đơn 
01/12/2025 6:59: Hạn chót
02/2026: Phỏng vấn (có thể phỏng vấn qua điện thoại/ VC)
09/2026: Nhập học tại ETH Zurich",https://ethz.ch/students/en/studies/financial/scholarships.html,True
Knight-Hennessy Scholars (KHS) - Stanford University,Trường,Hoa Kỳ,"Toàn phần, Sinh hoạt phí, Chi phí khác","100% học phí
Phí bắt buộc
Sinh hoạt phí
Bảo hiểm y tế
Trợ cấp đi lại
Hỗ trợ định cư tối đa 3 năm",Thường niên,6,2025-06-01 14:00:00,2025-10-09 03:00:00,100.0,True,Ứng viên phải nộp và được nhận vào một chương trình sau đại học toàn thời gian tại Stanford. Ứng viên phải có bằng Cử nhân từ 01/01/2019 trở đi (hoặc từ 01/01/2017 nếu từng phục vụ quân ngũ.,Không,,"Bằng Cử nhân, Sắp tốt nghiệp",Không yêu cầu,Không,Không yêu cầu chặt chẽ,0.0,0.0,Tùy khóa học,Tùy khóa học,"Không, Có sẽ được đánh giá rất cao",Không,Không yêu cầu,Không yêu cầu,Không,,"Lãnh đạo, Tư duy độc lập, Tư duy cộng đồng","Knight-Hennessy Scholars là một chương trình học bổng sau đại học mang tính đa ngành, đa văn hóa. Các học giả Knight-Hennessy được hỗ trợ tài chính tối đa ba năm để theo học chương trình sau đại học tại Stanford, đồng thời tham gia các hoạt động giúp họ trở thành những nhà lãnh đạo có tầm nhìn, bản lĩnh và khả năng hợp tác, nhằm giải quyết các thách thức phức tạp trên thế giới.","Đơn đăng ký Knight-Hennessy Scholars (online)
CV/Resume (1 trang)
Bảng điểm và bằng cấp (nếu có)
Thư giới thiệu
Bài luận & câu trả lời ngắn
Video statement (nếu được mời)
Hồ sơ ứng tuyển chương trình sau đại học Stanford (nộp song song, có thể yêu cầu thêm GRE/GMAT/TOEFL/IELTS tùy ngành)","1/6/2025: Mở đơn
9/10/2025 3:00: Hạn chót KHS
Đến tháng 1/2026: Video statement invitations
28/2/2026: Thông báo finalist
17/3/2026: Công bố học giả
Mùa Thu 2026: Nhập học",https://www.scholardigger.com/post/stanford-university-knight-hennessy-scholars-khs-2026,True
Schwarzman Scholars – Tsinghua University,Trường,Trung Quốc,"Toàn phần, Sinh hoạt phí, Chi phí khác","học phí, chỗ ở, sinh hoạt phí, bảo hiểm y tế, vé máy bay, study tour, laptop, smartphone Lenovo, trợ cấp cá nhân $3500, sách vở và dụng cụ học tập",Thường niên,4,2025-04-16 00:00:00,2025-09-28 23:59:59,,True,,Có,"Public Policy, Economics and Business, International Studies","Bằng Cử nhân, Sắp tốt nghiệp",Thành tích học tập xuất sắc,Không,Không đề cập,0.0,0.0,"IELTS >= 7.0, TOEFL iBT >= 100, Cambridge C1/C2 >= 185",Không bắt buộc,"Không, Có sẽ được đánh giá rất cao, Thành tích học tập tốt",Không,Từ 18 đến 28 tuổi,Không yêu cầu,Không,"Phát triển thành nhà lãnh đạo toàn cầu trong lĩnh vực chính trị, kinh tế, công nghệ và quan hệ quốc tế","Lãnh đạo, Tư duy cộng đồng, Hoạt động cộng đồng","Học bổng Schwarzman Scholars tại Đại học Thanh Hoa là một chương trình thạc sĩ toàn phần được thiết kế để chuẩn bị cho thế hệ lãnh đạo toàn cầu tiếp theo. Học bổng bao gồm học phí, sinh hoạt phí, bảo hiểm y tế, vé máy bay, chỗ ở, các chuyến study tour tại Trung Quốc, máy tính xách tay và điện thoại Lenovo, trợ cấp cá nhân $3,500, và sách giáo khoa.","Đơn đăng ký trực tuyến
Resume
Bảng điểm
2 bài luận (Leadership Essay – 750 từ, Statement of Purpose – 500 từ)
2 câu trả lời ngắn (≤100 từ/câu)
3 thư giới thiệu
Video giới thiệu bản thân (< 1 phút)","Tháng 4/2025: Mở đơn
27/09/2025 10:59 AM: Hạn chót nộp hồ sơ
10–11/2025: Vòng phỏng vấn
2026: Công bố kết quả
08/2026: Nhập học",https://www.schwarzmanscholars.org/program-experience/,True
Rhodes Scholarship - Oxford University,Trường,Anh,"Toàn phần, Sinh hoạt phí, Chi phí khác","học phí, chi phí sinh hoạt, chỗ ở, phí xin học, phí visa, bảo hiểm y tế quốc tế, vé máy bay khứ hồi hạng phổ thông, hỗ trợ chi phí sinh hoạt",Thường niên,6,,,102.0,True,"Tùy theo quốc gia, khu vực. Đáp ứng đầu vào của Oxford",Không,,"Bằng Cử nhân, Sắp tốt nghiệp",Thành tích học tập xuất sắc,Không,Không đề cập,0.0,0.0,Tiếng Anh,Không bắt buộc,"Có, Có sẽ được đánh giá rất cao, Thành tích học tập tốt",Không,Từ 24 đến 28 tuổi,Không yêu cầu,Không,,"Lãnh đạo, Hoạt động cộng đồng, Tư duy cộng đồng, Tầm nhìn","Chương trình Học bổng Rhodes mang đến cho sinh viên quốc tế cơ hội học tập bậc Thạc sĩ, MPhil và Tiến sĩ tại Đại học Oxford, Vương quốc Anh. Năm 2026, Rhodes sẽ trao 102 suất học bổng toàn phần cho sinh viên quốc tế. Học bổng chi trả toàn bộ học phí tại Oxford, chi phí sinh hoạt, chỗ ở, phí visa, bảo hiểm y tế, phí nộp hồ sơ và hai vé máy bay khứ hồi hạng phổ thông.","Đơn online qua website Rhodes
Bằng cấp, bảng điểm
CV/Resume
Bài luận cá nhân & các bài luận khác (Personal Statement, Leadership)
Thư giới thiệu (ít nhất 2)
Chứng chỉ tiếng Anh (nếu yêu cầu từ Oxford)
Có thể yêu cầu phỏng vấn quốc gia/khu vực.","Mùa hè – đầu thu 2025: Mở đơn
9–10/2025: Hạn chót nộp hồ sơ (tùy từng nước)
Cuối 2025 – đầu 2026: Phỏng vấn quốc gia/khu vực
Đầu–giữa 2026: Công bố kết quả
10/2026: Nhập học tại Oxford (Michaelmas Term)",https://www.rhodeshouse.ox.ac.uk/scholarships/the-rhodes-scholarship/,True
Gates Cambridge Scholarship,"Quỹ, tổ chức",Anh,Toàn phần,"bao gồm học phí, sinh hoạt phí ~ £21,000/năm, bảo hiểm y tế, vé máy bay khứ hồi, phí visa, hỗ trợ nghiên cứu, phụ cấp gia đình đến £16,548, quỹ hỗ trợ khó khăn, hỗ trợ thai sản/cha mẹ, ...",Thường niên,9,,,,True,Chỉ dành cho ứng viên ngoài Vương quốc Anh,Có,"Tất cả các ngành ở University of Cambridge ngoại trừ: Any Undergraduate degree (BA, BA affiliated), Business Doctorate (BusD), Master of Business (MBA), Master of Finance (MFin), PGCE, MBBChir Clinical Studies, MD Doctor of Medicine (6 years, part-time), Graduate Course in Medicine (A101), Part-time degrees, Non-degree courses","Bằng Cử nhân, Sắp tốt nghiệp",Thành tích học tập xuất sắc,Không,Không yêu cầu chặt chẽ,0.0,0.0,Tiếng Anh,Không bắt buộc,Thành tích học tập tốt,Không,Không yêu cầu,Không yêu cầu,Không,,"Hoạt động cộng đồng, Đóng góp phát triển, Lãnh đạo, Tư duy cộng đồng","Học bổng Gates Cambridge 2026–2027 là học bổng toàn phần dành cho sinh viên quốc tế. Học bổng bao gồm trợ cấp sinh hoạt £21,000/năm, bảo hiểm y tế, hỗ trợ phát triển học thuật lên đến £2,000 và phụ cấp gia đình đến £16,548. Chương trình học bổng Gates Cambridge được thành lập vào tháng 10/2000 với khoản tài trợ 210 triệu USD từ Quỹ Bill và Melinda Gates cho Đại học Cambridge.","Đơn online (kèm đăng ký khóa học Cambridge)
Gates Cambridge Statement (tối đa 500 từ)
CV/Resume
Bảng điểm
2 thư giới thiệu học thuật + 1 thư giới thiệu Gates Cambridge
Research Proposal (nếu ứng tuyển PhD)",,https://www.gatescambridge.org/apply/eligibility/,True
ADB–Japan Scholarship Program (JSP,"Quỹ, tổ chức",Nhật Bản,Toàn phần,"học phí toàn bộ, trợ cấp sinh hoạt hàng tháng + nhà ở, sách và tài liệu học tập, bảo hiểm y tế & tai nạn, vé máy bay khứ hồi, hỗ trợ làm luận văn, và trong một số trường hợp đặc biệt có hỗ trợ khóa học ngôn ngữ hoặc tin học chuẩn bị",Thường niên,1,,,135.0,True,"Công dân các quốc gia thành viên đang phát triển vay vốn ADB và thuộc diện ODA của Nhật Bản
Không có quốc tịch kép với quốc gia phát triển
Đã được nhận vào chương trình thạc sĩ tại một trong các trường đối tác của ADB–JSP
Có sức khỏe tốt
Không phải nhân viên, tư vấn, thân nhân gần của ADB hoặc trường đối tác",Có,"engineering, environment, energy, computer science, forestry, health, finance, development economics, business administration, international trade, development management, Asia Pacific studies, international public policy, international business law, environmental law, political science, public administration","Bằng Cử nhân, Tương đương bằng Cử nhân",Thành tích học tập xuất sắc,Không,Yêu cầu chặt chẽ,2.0,0.0,Tiếng Anh,Không bắt buộc,Thành tích học tập tốt,Không,Dưới 35 tuổi,Không yêu cầu,Không,Bắt buộc quay về và làm việc tại nước mình ít nhất 2 năm để đóng góp cho sự phát triển quốc gia,"Cam kết trở về, Lãnh đạo","Chương trình học bổng ADB–Japan Scholarship Program (JSP) do Ngân hàng Phát triển Châu Á (ADB) và Chính phủ Nhật Bản tài trợ, cung cấp học bổng toàn phần cho sinh viên từ các quốc gia đang phát triển theo học chương trình thạc sĩ tại các trường đại học được chỉ định trong khu vực Châu Á - Thái Bình Dương.","Đơn đăng ký của trường đối tác + ADB–JSP information sheet
Bản sao bảng điểm và bằng cấp
Giấy chứng nhận việc làm + ít nhất 2 năm kinh nghiệm
Giấy chứng nhận sức khỏe
Chứng chỉ ngoại ngữ (tiếng Anh)
Giấy tờ chứng minh thu nhập bản thân và gia đình (tờ khai thuế, xác nhận lương, chứng nhận thu nhập gia đình)",,https://www.adb.org/work-with-us/careers/japan-scholarship-program,True
Ireland Fellows Programme – Asia,Chính phủ,Ireland,"Toàn phần, 1 năm, Sinh hoạt phí, Chi phí khác","100% học phí, vé máy bay khứ hồi, trợ cấp sinh hoạt, chỗ ở, trợ cấp định cư ban đầu, chi phí khác. Với thời gian hỗ trợ từ 10 đến 16 tháng.",Thường niên,7,2025-07-01 00:00:00,2025-07-28 23:59:59,,True,"Chỉ dành cho công dân thường trú tại Việt Nam, Lào, Campuchia; là các chuyên gia giai đoạn đầu đến giữa sự nghiệp (early to mid-career). Bằng cử nhân phải được cấp trong vòng 12 năm (2013/2014 trở lại đây). Không quy định tuổi cụ thể, nhưng giới hạn theo năm tốt nghiệp.",Có,"Agriculture, Health, Education, Human Rights, Computer Science, Engineering, Business, ...
Others: https://irishaidfellowships.ie/sites/default/files/are-you-eligible/ireland_fellows_programme_directory_of_programmes_2026-27.pdf",Bằng Cử nhân,3.0/4.0,"First Class Honours hoặc Second Class Honours Grade 1, có thể chấp nhận Second Class Honours Grade 2 nếu có kinh nghiệm làm việc liên quan đáng kể",Yêu cầu chặt chẽ,,0.0,Tiếng Anh,Không bắt buộc,Không,Không,Không yêu cầu,Không yêu cầu,"Ưu tiên ứng viên thuộc nhóm khuyết tật, thiểu số, yếu thế.",Yêu cầu ứng viên cam kết đóng góp vào xây dựng năng lực trong nước và phát triển mối quan hệ tích cực với Ireland.,"Lãnh đạo, Cam kết trở về","Chương trình Ireland Fellows cho phép các chuyên gia đầu đến giữa sự nghiệp từ các quốc gia đủ điều kiện, có tiềm năng lãnh đạo, được hưởng lợi từ nền giáo dục chất lượng, đẳng cấp thế giới, góp phần xây dựng năng lực. Chương trình mang đến cho các ứng viên được chọn cơ hội tham gia chương trình thạc sĩ một năm được tài trợ toàn phần tại các cơ sở giáo dục đại học ở Ireland. Giải thưởng bao gồm học phí, vé máy bay, chỗ ở và chi phí sinh hoạt. Các chương trình thạc sĩ đủ điều kiện tại Ireland bắt đầu vào tháng 8 hoặc 9 hàng năm và tùy thuộc vào chương trình, sẽ kéo dài từ 10 đến 16 tháng.","Bảng điểm
Bằng tốt nghiệp
Hai thư giới thiệu
Personal statement
Hộ chiếu
CV/Resume
Ảnh thẻ mới nhất
IELTS (hoặc chứng chỉ tiếng Anh tương đương, nếu chương trình yêu cầu)","Giai đoạn 1: Nộp form sơ bộ – 01/07/2025 đến 28/07/2025
Giai đoạn 2: Nộp đơn chi tiết – 23/09/2025 đến 18/10/2025
Giai đoạn 3: Phỏng vấn – Sau vòng 2",https://irishaidfellowships.ie/strands/ireland-fellows-programme-asia?fbclid=IwY2xjawLPH4BleHRuA2FlbQIxMABicmlkETFzRHJvVEowWjliRmRSZHB6AR4lLXy9R5EZ-uIybQ32VrGfyCXMBX9_GE4_4bvrwlsCFFYCIzY3tnIEejJ_yA_aem_Yjsc77h0lUzGMWWNRh1Ojg,True
McCall MacBain Scholarship - McGill University,Trường,Canada,"Toàn phần, Sinh hoạt phí, Chi phí khác, Bán phần","học phí, phí sinh hoạt $2,300/tháng, vé máy bay khứ hồi từ quốc gia ngoài Canada",Thường niên,6,,2025-08-20 00:00:00,,True,Ứng vên phải tốt nghiệp cử nhân trong vòng 5 năm qua hoặc sẽ có bằng trước tháng 8 năm 2026.,Không,"MA (Arts), MArch (Architecture), MATL (Arts in Teaching and Learning), MBA (Business Administration), MEd (Education), MEng (Engineering), MISt (Information Studies), MM (Management), MMus (Music), MPP (Public Policy), MSc (Science), MScA (Science, Applied), MScAPT (Science, Applied in Physical Therapy), MScAOT (Science, Applied in Occupational Therapy), MSW (Social Work), MUP (Urban Planning), LLM (Law), STM (Sacred Theology).","Bằng Cử nhân, Sắp tốt nghiệp",Không yêu cầu,Không,Không yêu cầu chặt chẽ,0.0,0.0,"IELTS >= 6.5, TOEFL iBT >= 86",Không bắt buộc,Không,Không,"Từ 22 đến 30 tuổi, Tốt nghiệp không quá 5 năm",Không yêu cầu,Không,,"Lãnh đạo, Cam kết trở về, Kết nối, Tư duy cộng đồng, Đóng góp phát triển, Hoạt động cộng đồng","Học bổng McCall MacBain tại Đại học McGill (Canada) là học bổng toàn phần thạc sĩ, tập trung vào phát triển khả năng lãnh đạo, kết nối cộng đồng và cung cấp hỗ trợ tài chính toàn diện cho ứng viên xuất sắc.","Đơn xin học bổng McCall MacBain.
Chứng chỉ ngoại ngữ:
+TOEFL iBT: Điểm tổng từ 86 trở lên, không dưới 20 điểm cho mỗi kỹ năng.
+IELTS: Điểm tổng từ 6.5 trở lên.
Bằng cử nhân (hoặc bạn phải tốt nghiệp trước tháng 8 năm 2026).","Tháng 6 - Tháng 9 năm 2025: Nộp hồ sơ xin học bổng McCall MacBain.
Tháng 10 - Tháng 12 năm 2025: Nộp hồ sơ vào các chương trình Thạc sĩ tại McGill University.
Tháng 12 năm 2025: Phỏng vấn (sẽ được thông báo sau khi hồ sơ học bổng được xét duyệt).",https://mccallmacbainscholars.org/apply/,True
University of Warwick – ASEAN–UK SAGE Women in STEM Scholarship,Chính phủ,Anh,"Toàn phần, Sinh hoạt phí, Chi phí khác","học phí, sinh hoạt phí, vé máy bay, thị thực, bảo hiểm y tế, hoàn phí IELTS cho ứng viên trúng tuyển",Thường niên,2,,2025-04-18 05:59:59,,True,"Chỉ dành cho nữ giới, là công dân ASEAN hoặc Timor Leste",Có,"Analytical Sciences and Instrumentation (ASI), Polymer Chemistry, Global Decarbonisation and Climate Change (Science route) (GDCC), Humanitarian Engineering, Humanitarian Engineering with Sustainability, Humanitarian Engineering with Management, Diagnostics, Data and Digital Health, Digital Transformation for Healthcare, Healthcare Operational Management, Sustainable Automotive Electrification, Applied Artificial Intelligence, Supply Chain and Logistics Management (includes Supply Chain Digitisation and Data Analytics with Industry 4.0), Engineering Business Management, Cyber Security Management, Cyber Security Engineering, Psychology by Research, Mental Health and Wellbeing, Behavioural and Data Science, Behavioural and Economic Science","Bằng Cử nhân, Sắp tốt nghiệp",Không yêu cầu,Không,Không yêu cầu chặt chẽ,0.0,0.0,Tiếng Anh,Không bắt buộc,Không,Không,Không yêu cầu,Chỉ nữ,Có hỗ trợ cho phụ nữ có con nhỏ cần chăm sóc.,Hướng tới đóng góp giảm bất bình đẳng giới và phát triển kỹ năng số,"Cam kết trở về, Đóng góp phát triển, Hoạt động cộng đồng","Học bổng khối ngành STEM dành cho nữ giới của chương trình ASEAN – Vương quốc Anh SAGE: Chính phủ Vương quốc Anh, phối hợp với Phái đoàn Vương quốc Anh tại ASEAN và Ban thư ký ASEAN, đã trao học bổng cho phụ nữ xuất sắc từ các quốc gia ASEAN và Đông Timor. Học bổng này, được cấp vốn bởi FCDO, nhằm giải quyết bất bình đẳng giới trong kỹ năng số và tuyển dụng trong khu vực.","Nộp đơn trực tiếp tại website trường Warwick; đăng ký ngành học cụ thể, chuẩn bị hồ sơ học tập, chứng chỉ IELTS, CV, thư động lực.",18/2/2025 - 17/4/2025: mở đơn online,https://www.britishcouncil.vn/en/study-uk/scholarships-financial-support/british-council-scholarships-women-stem,True
Paris-Saclay IDEX Master’s Scholarship,Trường,Pháp,"Toàn phần, Sinh hoạt phí, Chi phí khác","10,000€/năm trong 10 tháng + tối đa 900–1,000€ cho chi phí visa và đi lại",Thường niên,1,,2025-05-05 00:00:00,,True,"Sinh viên quốc tế, lần đầu học tại Pháp, dưới 30 tuổi, không có khoảng trống học tập quá 3 năm, chưa nhận học bổng khác >600€/tháng",Có,"All Master’s programmes accredited by Université Paris-Saclay, except vocational training","Bằng Cử nhân, Tương đương bằng Cử nhân",Không yêu cầu,Không,Không yêu cầu chặt chẽ,0.0,0.0,Tiếng Anh,Không bắt buộc,"Thành tích học tập tốt, Có",Không,Tôi đa 30 tuổi,Không yêu cầu,"ó chính sách cộng điểm cho sinh viên tị nạn hoặc được bảo vệ phụ trợ (phối hợp với UNHCR, MEnS)","Khuyến khích định hướng nghiên cứu, đặc biệt mong muốn học lên tiến sĩ tại Paris-Saclay (đối với M2)",Cam kết học tập nghiêm túc,"Học bổng IDEX Master’s tại Đại học Paris-Saclay (Pháp) cấp hỗ trợ tài chính cho sinh viên quốc tế theo học chương trình thạc sĩ tại các lĩnh vực học thuật đa dạng, với mục tiêu thu hút nhân tài quốc tế đến với trường.","Đơn nhập học Master tại Université Paris-Saclay
Link ứng tuyển học bổng (gửi riêng qua email cho ứng viên được chọn)
01 referee (giảng viên/nhà nghiên cứu) cung cấp thư giới thiệu trực tiếp qua form online
Statement of purpose (nêu rõ nếu là sinh viên tị nạn, hoàn cảnh đặc biệt, định hướng nghiên cứu/PhD)","05/05/2025: Deadline nomination từ chương trình Master
09/05/2025: Deadline nộp đơn học bổng
12/05/2025: Deadline referee nộp thư giới thiệu
Cuối 6/2025: Công bố kết quả",https://www.universite-paris-saclay.fr/node/253576,True
SI Scholarship for Global Professionals (Swedish Institute Scholarship for Global Professionals / SISGP),Chính phủ,Thụy Điển,"Toàn phần, Sinh hoạt phí, Chi phí khác","Chi trả 100% học phí; trợ cấp sinh hoạt SEK 12,000/tháng; trợ cấp đi lại (SEK 15,000 thông thường; SEK 10,000 cho một số nước); không bao gồm bảo hiểm",Thường niên,10,2025-02-10 00:00:00,,,True,"Công dân của 33 nước đủ điều kiện (phải chịu phí học phí, tức là liable to pay tuition fees), không được là người đã có/đang học/đã tốt nghiệp ở Thụy Điển (điều kiện loại trừ cụ thể nêu trong nội dung)",Có,,Bằng Cử nhân,Không yêu cầu,Không,Không đề cập,0.0,3000.0,Tiếng Anh,Không bắt buộc,"Thành tích học tập tốt, Có",Không,Không yêu cầu,Không yêu cầu,"bonus system cho sinh viên tị nạn/được bảo vệ được nêu cho Paris-Saclay, và SI có chính sách hỗ trợ/đặc thù cho một số trường hợp; trong nội dung SI có nêu những ngoại lệ cho người Ukraine; nói chung có quy định ưu tiên hoặc hỗ trợ cho một số nhóm đặc biệt. (Nội dung chi tiết phụ thuộc vào từng đợt công bố.)",Ứng viên nên nêu rõ cách học của họ sẽ góp phần vào phát triển bền vững của nước/region (mục tiêu SI là phát triển mạng lưới nhà lãnh đạo cam kết thực hiện SDG tại nước mình).,Lãnh đạo,Học bổng SI dành cho Chuyên gia Toàn cầu là học bổng học thuật cho chương trình Thạc sĩ toàn thời gian 1 hoặc 2 năm ở các trường ĐH Thụy Điển. Học bổng chi trả cho nhiều ngành học trong các chương trình Thạc sĩ giảng dạy bằng tiếng Anh.,"Đã nộp (và được nhận / conditionally admitted) vào chương trình Master đủ điều kiện qua University Admissions.
Bằng/bản sao bằng cử nhân, bảng điểm.
Chứng minh kinh nghiệm làm việc (theo mẫu của SI).
Chứng minh kinh nghiệm lãnh đạo (CV, mô tả vai trò).
Các tài liệu khác theo hướng dẫn khi cổng SI mở (thông tin đầy đủ được công bố trên trang SI khi mở call).","Tháng 10/2025 – Tháng 01/2026: Nộp hồ sơ chương trình thạc sĩ (qua University Admissions).
Tháng 11/2025: Công bố danh sách chương trình đủ điều kiện & tài liệu học bổng SI.
Tháng 02/2026: Mở cổng nộp đơn học bổng SI (trong 2 tuần).
Tháng 03/2026: Công bố kết quả tuyển sinh đại học.
Tháng 04/2026: Công bố kết quả học bổng SI.",https://si.se/en/apply/scholarships/swedish-institute-scholarships-for-global-professionals/,True
Pioneering Women in STEM,Chính phủ,Thụy Điển,"Toàn phần, Sinh hoạt phí, Chi phí khác","100% học phí; trợ cấp sinh hoạt SEK 12,000/tháng; trợ cấp đi lại SEK 15,000; bảo hiểm (nội dung mô tả có đề cập “bảo hiểm” trong tóm tắt)",Thường niên,10,,,,True,"Dành cho nữ công dân của 10 quốc gia (Bangladesh, Indonesia, Kenya, Malaysia, Nigeria, Philippines, Rwanda, South Africa, Thailand, Vietnam). Không được là người đã có/đang học/đã tốt nghiệp ở Thụy Điển hoặc đã nhận SI scholarship trước đó. Không được là người đã nhận SI scholarship trước đó; không cư trú Thụy Điển >2 năm; phải nộp hồ sơ qua University Admissions và được nhận vào chương trình đủ điều kiện.",Có,,"Bằng Cử nhân, Tương đương bằng Cử nhân",Không yêu cầu,Không,Không đề cập,0.0,0.0,Tiếng Anh,Không bắt buộc,Không,Không,Không yêu cầu,Chỉ nữ,Không,"Học bổng nhắm tới phát triển nữ lãnh đạo trong STEM, đóng góp cho SDG và giải quyết thách thức ở nước sở tại — ứng viên nên trình bày mục tiêu đóng góp xã hội/nghề nghiệp.",,Học bổng SI Pioneering Women in STEM là học bổng học thuật toàn phần dành cho chương trình Thạc sĩ toàn thời gian 1 hoặc 2 năm trong các chương trình STEM được chỉ định tại Thụy Điển.,"Đơn apply chương trình Master qua University Admissions và được nhận vào chương trình đủ điều kiện.
Tài liệu theo hướng dẫn khi cổng SI mở (nội dung chi tiết sẽ được công bố vào thời điểm call open).","Tháng 10/2025 – Tháng 01/2026: Nộp hồ sơ chương trình thạc sĩ (qua University Admissions).
Tháng 11/2025: Công bố các chương trình đủ điều kiện và tài liệu học bổng SI.
Tháng 02/2026: Cổng nộp đơn học bổng SI mở (trong 2 tuần).
Tháng 03/2026: Công bố kết quả tuyển sinh đại học.
Tháng 04/2026: Công bố kết quả học bổng SI.",https://si.se/en/apply/scholarships/pioneeringwomeninstem/,True
IKEA and Södra Scholarship (The Bridge collaboration — Linnaeus University),"Quỹ, tổ chức",Thụy Điển,"Toàn phần, Sinh hoạt phí","100% học phí; trợ cấp sinh hoạt 10,584 SEK/tháng",Thường niên,2,2025-05-01 00:00:00,2025-02-12 19:00:00,4.0,True,"phải nộp chương trình Innovation through Business, Engineering and Design hoặc Forestry for Green Sustainable Development và chọn Linnaeus University làm first choice qua www.universityadmissions.se
; phải nộp hồ sơ chương trình trước 15 Jan và upload tài liệu trước 3 Feb; phải trả application fee trước 3 Feb.",Có,"Innovation through Business, Engineering and Design, Forestry for Green Sustainable Development",Bằng Cử nhân,Không yêu cầu,Không,Không yêu cầu chặt chẽ,0.0,0.0,Tiếng Anh,Không bắt buộc,Không,Không,Không yêu cầu,Không yêu cầu,Không,,,"Học bổng IKEA và Södra trao bốn suất mỗi năm cho các chương trình thạc sĩ Innovation through Business, Engineering and Design hoặc Forestry for Green Sustainable Development. Học bổng mở cho tất cả sinh viên, cả trong và ngoài EU/EEA, đều có thể nộp đơn.","Đã apply chương trình Master (Innovation through Business, Engineering and Design hoặc Forestry for Green Sustainable Development) và chọn Linnaeus University là first choice trên www.universityadmissions.se trước 15/01.
Nộp/upload tất cả tài liệu yêu cầu trước 03/02 và đã đóng application fee trước 03/02.
Điền form ứng tuyển học bổng (link được gửi qua email vào 05/02 cho các ứng viên phù hợp).
Các tài liệu nộp cho học bổng bao gồm: Curriculum Vitae; Motivation letter (max 600 words) trả lời 5 câu hỏi do IKEA đưa ra (những câu hỏi có trong mô tả).","Trước 15/01/2025: Nộp hồ sơ chương trình (chọn Linnaeus là nguyện vọng 1).
Trước 03/02/2025: Tải lên tất cả tài liệu yêu cầu và thanh toán phí đăng ký.
05/02/2025: Mở đơn học bổng (có email thông báo).
12/02/2025, 13:00 CET = 12/02/2025, 19:00 giờ Việt Nam: Đóng đơn học bổng.
Giữa hoặc cuối tháng 4/2025: Công bố kết quả học bổng.",https://lnu.se/en/education/study-at-linnaeus-university/scholarships/the-ikea-and-sodra-scholarship/?fbclid=IwY2xjawGnk79leHRuA2FlbQIxMAABHUL_VAqjrJpz1C4p7bpJTq9v3cvHuRvlmDf068lcH_sYlKo0R2yyH_i3UQ_aem_zTDpblpQBzI5aeBvdmiXuw,True
Brunel University – British Council Women in STEM Scholarship,"Quỹ, tổ chức",Anh,"Toàn phần, Sinh hoạt phí, Chi phí khác","học phí, sinh hoạt phí, vé máy bay, thị thực, bảo hiểm y tế, hoàn phí IELTS cho ứng viên trúng tuyển",Thường niên,2,,2025-04-23 05:59:59,,True,"Chỉ dành cho nữ giới, là công dân ASEAN hoặc Timor Leste",Có,"Flood and Coastal Engineering (with Infrastructure Design), Water and Environmental Engineering, Public Health & Health Promotion, Mechanisms and Therapy in Cancer, Sustainable Electric Power, Artificial Intelligence","Bằng Cử nhân, Sắp tốt nghiệp",Không yêu cầu,Không,Không yêu cầu chặt chẽ,0.0,0.0,Tiếng Anh,Không bắt buộc,Không,Không,Không yêu cầu,Chỉ nữ,Có hỗ trợ cho phụ nữ có con nhỏ cần chăm sóc.,Hướng tới đóng góp giảm bất bình đẳng giới STEM,"Cam kết trở về, Hoạt động cộng đồng, Tầm nhìn, Lãnh đạo","Học bổng khối ngành STEM dành cho nữ giới của Hội đồng Anh: Hợp tác với các trường đại học tại Vương quốc Anh, học bổng này được thiết kế để giải quyết bất bình đẳng giới trong khối STEM bằng việc trao cơ hội cho nữ giới theo học một chương trình Thạc sĩ. Đây là năm thứ năm triển khai, với hơn 400 suất đã được trao.","Nộp đơn trực tiếp tại website Brunel University; hồ sơ gồm đơn apply ngành học, chứng chỉ IELTS, hồ sơ học tập, CV, thư động lực.",18/2/2025 - 23/4/2025: mở đơn online,https://www.britishcouncil.vn/en/study-uk/scholarships-financial-support/british-council-scholarships-women-stem,True
Hornby Trust Scholarship (University of Exeter),"Quỹ, tổ chức",Anh,"Toàn phần, Sinh hoạt phí, Chi phí khác","100% học phí ~ £22,500, sinh hoạt phí tối thiểu £15,500/năm, chi phí đi lại quốc tế khứ hồi",Thường niên,12,,2025-02-27 06:59:59,10.0,True,phải là công dân và đang làm việc tại quốc gia thuộc OECD DAC list (low & middle income countries,Có,,"Bằng Cử nhân, Bằng thạc sĩ liên quan",3.0/4.0,Không,Không yêu cầu chặt chẽ,3.0,0.0,Tiếng Anh,Không bắt buộc,Không,Không,Không yêu cầu,Không yêu cầu,,mong đợi ứng viên quay về và đóng góp phát triển giảng dạy tiếng Anh ở nước nhà,"Lãnh đạo, Cam kết trở về, Đóng góp phát triển","Học bổng Hornby Trust tập trung vào việc nâng cao năng lực giảng dạy tiếng Anh tại các quốc gia có thu nhập thấp và trung bình. Học bổng bao gồm toàn bộ học phí, trợ cấp sinh hoạt ít nhất £15,500 để chi trả nhà ở và sinh hoạt, cùng chi phí đi lại quốc tế khứ hồi. Có tối đa 10 suất học bổng toàn phần dành cho các ứng viên đáp ứng tiêu chí đầu vào chương trình MEd TESOL của University of Exeter (kỳ nhập học tháng 9/2025). Ứng viên phải là công dân và đang làm việc tại quốc gia thuộc danh sách thu nhập thấp/trung bình theo OECD DAC, đồng thời có ít nhất 3 năm kinh nghiệm giảng dạy TESOL hoặc công việc chuyên môn liên quan toàn thời gian sau khi tốt nghiệp đại học.","Đơn nhập học chương trình MEd TESOL tại University of Exeter (để lấy Exeter student number).
Bằng cử nhân hoặc bằng thạc sĩ (có bảng điểm).
Minh chứng ít nhất 3 năm kinh nghiệm giảng dạy TESOL hoặc công việc liên quan.
Hồ sơ xin học bổng Hornby (nộp online qua tài khoản sau khi có Exeter student number).
Minh chứng tiếng Anh đáp ứng điều kiện đầu vào Exeter (IELTS/TOEFL hoặc tương đương).
CV, thư động lực (có thể yêu cầu – KHÔNG CÓ THÔNG TIN chính thức trong bài).","Hạn cuối nộp đơn: 27/02/2025, 06:59 giờ Việt Nam.
Thông báo shortlist phỏng vấn: chậm nhất 18/04/2025.
Phỏng vấn: từ 28/04/2025 đến 14/05/2025.
Kết quả học bổng: chậm nhất 22/05/2025.","https://careeroppotunities.com/hornby-trust-scholarship/#:~:text=The%20Hornby%20Trust%20Scholarship%20focuses%20on%20increasing%20English,housing%20and%20living%20expenses%2C%20and%20return%20international%20travel.",True
Japanese Grant Aid for Human Resource Development Scholarship (JDS),Chính phủ,Nhật Bản,"Toàn phần, Sinh hoạt phí, Chi phí khác","học phí, vé máy bay khứ hồi, sinh hoạt phí, trợ cấp ban đầu, hỗ trợ nhà ở, chi phí hội thảo, vận chuyển đồ đạc sau khi học xong…",Thường niên,1,2025-01-01 00:00:00,2025-03-19 17:00:00,45.0,True,"cán bộ, công chức, viên chức, giảng viên các trường ĐH, CĐ công lập, doanh nghiệp 100% vốn nhà nước",Có,"Economic Policy/Public Finance, Public Administration, Transportation/Urban Development, Energy, Industrial Development/Human Resource Development for Industry, Health Care/Social Security, Agriculture and Rural Development, Environment/Climate Change/Disaster Management, Legal System, Public Administration Capacity Development",Bằng Cử nhân,Không yêu cầu,Không,Yêu cầu chặt chẽ,1.0,0.0,"Tiếng Anh, IELTS >= 5.5, TOEFL iBT >= 46, TOEFL ITP 500",Không bắt buộc,Không,Không,Từ 24 đến 39 tuổi,Không yêu cầu,,cam kết trở về phục vụ cơ quan cử đi hoặc theo yêu cầu của Nhà nước,"Lãnh đạo, Cam kết trở về, Đóng góp phát triển",Chính phủ Nhật Bản cấp viện trợ không hoàn lại để thực hiện Chương trình Học bổng Phát triển nguồn nhân lực Việt Nam – Nhật Bản (JDS) cho đi học thạc sĩ tại Nhật Bản niên khóa 2025–2027.,"Hồ sơ đăng ký tải tại website chính thức JDS: http://jds-scholarship.org hoặc link: https://jice.form.kintoneapp.com/public/jdsvietnam-apply 
Bản đăng ký dự tuyển (Application Form)
Công văn cử đi dự tuyển của cơ quan quản lý trực tiếp
Bằng tốt nghiệp, bảng điểm đại học
Chứng chỉ tiếng Anh (TOEFL/IELTS còn hiệu lực)
CV, kinh nghiệm công tác, giấy xác nhận đóng BHXH
Các giấy tờ khác theo hướng dẫn (có trong bộ hồ sơ JDS trên website)","Trước 17:00 ngày 19/03/2025: Hạn nộp hồ sơ dự tuyển JDS
Đầu tháng 4/2025: Thi chứng chỉ IELTS quốc tế (cho ứng viên chưa có chứng chỉ đạt yêu cầu), kiểm tra toán đại số cơ bản
Giữa tháng 04/2025: Các trường đại học Nhật Bản xét chọn hồ sơ và phỏng vấn chuyên môn
Giữa tháng 05/2025: Ban điều hành học bổng phỏng vấn vòng cuối
Cuối tháng 06/2025: Công bố kết quả cuối cùng
Tháng 8/2025: Nhập học tại Nhật Bản",https://nguonhocbong.com/scholarships/hoc-bong-toan-phan-thac-si-tai-nhat-jds-cho-ki-nhap-hoc-thang-8-2024-da-chinh-thuc-mo-ho-so/,True
MacSon Entrance Scholarship for International Students at the University of Guelph,Trường,Canada,Khoản phí quy định,"$17,500 CAD",Thường niên,,,,2.0,True,"ứng viên chương trình thạc sĩ toàn thời gian thuộc OAC – Ontario Agricultural College, nghiên cứu liên quan đến bảo tồn; ưu tiên sinh viên Indigenous, hoặc đến từ Eastern Ontario, hoặc không nhận OAC entrance awards khác",Có,"Graduate programs in OAC (research or studying issues related to conservation: resource, water, soil, species conservation)",Bằng Cử nhân,Không yêu cầu,Không,Yêu cầu chặt chẽ,0.0,0.0,"Tùy khóa học, Tiếng Anh",Không bắt buộc,Không,Không,Không yêu cầu,Không yêu cầu,"ưu tiên sinh viên Indigenous: First Nations, Inuit, Métis",,,"Đại học Guelph đang mời nộp đơn cho Chương trình Học bổng Nhập học MacSon. Học bổng dành cho sinh viên nhập học bất kỳ chương trình sau đại học toàn thời gian nào tại Guelph trong năm học 2023/24. Học bổng nhằm hỗ trợ những sinh viên trong nước và quốc tế có năng lực cạnh tranh cao muốn theo học chương trình sau đại học toàn thời gian tại trường. Ứng viên thành công sẽ nhận được hai suất học bổng trị giá 17.500 USD, được chi trả trong ba học kỳ.","OAC Graduate Application Form
Indigenous Identity Confirmation (nếu có)
Bảng điểm chính thức
CV mới nhất
Hộ chiếu hợp lệ
Research Proposal
2 thư giới thiệu (referee assessments)",,https://nguonhocbong.com/scholarships/macson-entrance-scholarship-for-international-students-at-the-university-of-guelph-in-canada/,True
VLIR-UOS ICP Connect Scholarships,Chính phủ,Bỉ,"Toàn phần, Sinh hoạt phí, Chi phí khác","bao gồm học phí, sinh hoạt phí, bảo hiểm, chi phí đi lại cho toàn bộ thời gian học (12/24/36 tháng tùy chương trình)",Thường niên,10,,,,True,"Ưu tiên ứng viên từ giáo dục đại học, chính phủ, hoặc xã hội dân sự; mới tốt nghiệp hoặc người trong khu vực tư cũng có thể nộp nếu hồ sơ thuyết phục. Mỗi ứng viên chỉ được nộp 1 học bổng ICP Connect/năm; không được nhận học bổng khác cùng lúc; chưa từng nhận học bổng chính phủ Bỉ trước đó; chưa từng học tại Bỉ trước 1/1 của năm nhập học",Không,,Bằng Cử nhân,Không yêu cầu,Không,Không yêu cầu chặt chẽ,0.0,0.0,Tiếng Anh,Không bắt buộc,"Không, Có sẽ được đánh giá rất cao",Không,Dưới 35 tuổi,Không yêu cầu,,,,"Học bổng VLIR-UOS ICP Connect của Bỉ cấp học bổng toàn phần cho sinh viên từ các quốc gia đang phát triển theo học các chương trình thạc sĩ quốc tế tại các trường đại học Flemish, tập trung vào các lĩnh vực liên quan đến phát triển bền vững.","Xác minh đủ điều kiện quốc tịch và nơi cư trú
Nộp đơn nhập học chương trình master tại trường Bỉ
Chỉ định ý định ứng tuyển học bổng ICP Connect trong quá trình nộp đơn",,https://www.vliruos.be/get-funded/study-scholarships,True
UNIL Master’s Grants 2024 – University of Lausanne,Trường,Thụy Sĩ,Khoản phí quy định,"CHF 1,600/tháng (từ 15/9 đến 15/7, tức 10 tháng/năm, cho toàn bộ thời gian học thạc sĩ 1.5–2 năm); miễn phí lệ phí ghi danh (trừ 80 CHF/kỳ).",Thường niên,11,,,10.0,True,chỉ sinh viên tốt nghiệp từ đại học nước ngoài,Có,,Bằng Cử nhân,Thành tích học tập xuất sắc,Không,Yêu cầu chặt chẽ,0.0,0.0,"Tùy khóa học, Tiếng Anh, Tiếng Pháp",Không bắt buộc,Không,Không,Không yêu cầu,Không yêu cầu,,,,Học bổng UNIL Master’s Grants tại Đại học Lausanne (Thụy Sĩ) cung cấp hỗ trợ tài chính cạnh tranh cho sinh viên quốc tế muốn theo học chương trình thạc sĩ tại trường.,,,https://nguonhocbong.com/scholarships/hoc-bong-bac-thac-si-unil-masters-grants-2024-tu-dai-hoc-lausanne-thuy-si/,True
Clarendon Fund Scholarships - University of Oxford,Trường,Anh,"Toàn phần, Sinh hoạt phí","Học phí toàn phần + trợ cấp sinh hoạt (~£18,622/năm)",Thường niên,12,2025-12-03 09:00:00,2025-01-08 16:00:00,140.0,True,,Không,,Bằng Cử nhân,Không yêu cầu,Không,Yêu cầu chặt chẽ,0.0,0.0,Không có thông tin,Không bắt buộc,Thành tích học tập tốt,Không,Không yêu cầu,Không yêu cầu,,,,Học bổng Clarendon Fund của Đại học Oxford (Anh) là học bổng toàn phần danh giá dành cho sinh viên quốc tế xuất sắc theo học chương trình thạc sĩ hoặc tiến sĩ tại Oxford.," KHÔNG CÓ đơn riêng; nếu nộp chương trình thạc sĩ/ DPhil đúng hạn, sẽ được tự động xét học bổng",Nộp đơn cho chương trình thạc sĩ/DPhil: 2/12/2025 – 8/1/2026,https://www.ox.ac.uk/clarendon,
International Cultural Service Program (ICSP) Scholarship - University of Oregon,Trường,Hoa Kỳ,Bán phần,Gia hạn hằng năm đến khi hoàn thành bằng nếu đáp ứng yêu cầu ICSP.,Thường niên,1,2026-01-16 00:00:00,2026-02-14 07:00:00,,True,"sinh viên quốc tế có nhu cầu tài chính, thành tích xuất sắc, không phải công dân/ thường trú nhân Hoa Kỳ và không đủ điều kiện nhận hỗ trợ tài chính liên bang Hoa Kỳ.",Không,,Bằng Cử nhân,3.0/4.0,Không,Yêu cầu chặt chẽ,0.0,0.0,Không có thông tin,Không bắt buộc,"Không, Có sẽ được đánh giá rất cao",Không,Không yêu cầu,Không yêu cầu,,,"Hoạt động cộng đồng, Tư duy cộng đồng, Hoàn cảnh tài chính","Sinh viên quốc tế có nhu cầu tài chính và thành tích xuất sắc có thể đăng ký Học bổng Chương trình Dịch vụ Văn hóa Quốc tế (ICSP). Học bổng ICSP bao gồm một thành phần dịch vụ văn hóa, yêu cầu sinh viên thuyết trình về đất nước của mình cho trẻ em, tổ chức cộng đồng, sinh viên, giảng viên và nhân viên UO. Người nhận học bổng ICSP sẽ được miễn giảm một phần học phí, học bổng được gia hạn hằng năm cho đến khi hoàn thành bằng tại UO nếu đáp ứng các yêu cầu của chương trình.","Đơn nhập học vào University of Oregon (trước 15/01/2026)
Hồ sơ học bổng tại UO Scholarship Dashboard (Profile, ISSS Endowed Scholarships Application, ICSP Scholarship Application)
Thư giới thiệu (reference letters)
Bằng cấp, bảng điểm
Chứng minh tài chính
Tài liệu về hoạt động văn hóa, kỹ năng giao tiếp (nếu có)","Hạn nộp đơn nhập học UO: 16/01/2026
Hạn nộp học bổng ICSP: 14/02/2026, 07:00 sáng (VN time)",https://isss.uoregon.edu/icsp/application,
Commonwealth Master’s Scholarships for Developing Commonwealth Countries,Chính phủ,Anh,"Toàn phần, Sinh hoạt phí, Chi phí khác, Trợ cấp học tập","vé máy bay khứ hồi, học phí, phí thi, trợ cấp sinh hoạt £1,378/tháng hoặc £1,690/tháng tại London, trợ cấp nghiên cứu, trợ cấp quần áo ấm, và các hỗ trợ khác",Thường niên,,,2025-10-14 22:00:00,,False,"chỉ dành cho các nước thuộc khối Commonwealth đủ điều kiện, Việt Nam không thuộc nhóm này",Không,,Bằng Cử nhân,Thành tích học tập xuất sắc,Không,Yêu cầu chặt chẽ,0.0,0.0,"Tùy khóa học, Tiếng Anh",Không bắt buộc,Không,Không,Không yêu cầu,Không yêu cầu,Có thể xét công dân hoặc người có quy chế tị nạn tại quốc gia Commonwealth,,"Hoạt động cộng đồng, Tác động xã hội, Đóng góp phát triển, Tầm nhìn","Học bổng Commonwealth dành cho bậc Thạc sĩ hoặc Tiến sĩ tại Vương quốc Anh được trao cho công dân các quốc gia đang phát triển thuộc Khối Thịnh vượng chung. Học bổng do Bộ Ngoại giao, Khối thịnh vượng chung và Phát triển Vương quốc Anh (FCDO) tài trợ, nhằm đáp ứng nhu cầu phát triển của các quốc gia này thông qua việc hỗ trợ nghiên cứu có tác động phát triển.","Đơn ứng tuyển qua hệ thống CSC’s Electronic Application System (EAS)
Đơn ứng tuyển riêng theo yêu cầu của nominating body (tổ chức đề cử quốc gia hoặc NGO)
Bằng cấp, bảng điểm, giấy tờ chứng minh tình trạng công dân/tị nạn, thư giới thiệu, các tài liệu bổ sung theo yêu cầu","Hạn chót: 14/10/2025, 16:00 BST (22:00 giờ Việt Nam)
Các nominating body có thể có hạn riêng, ứng viên phải kiểm tra trực tiếp với họ",https://cscuk.fcdo.gov.uk/scholarships/commonwealth-masters-scholarships/,False
University of Geneva Excellence Masters Fellowships - University of Geneva,Trường,Thụy Sĩ,Khoản phí quy định,"10,000 – 15,000 CHF mỗi năm, học bổng cấp trong 1 năm và có thể gia hạn cho toàn bộ thời gian chương trình Thạc sĩ (3–4 học kỳ), nếu sinh viên đạt thành tích tốt sau học kỳ đầu tiên",Thường niên,1,,2026-03-01 05:59:59,,True,Phải được nhận vào một chương trình Master of Science của Faculty of Sciences. Được chọn dựa trên hồ sơ xin học bổng Excellence Fellowship riêng,Có,Các ngành thuộc Faculty of Sciences,"Bằng Cử nhân, Sắp tốt nghiệp",Thành tích học tập xuất sắc,Không,Yêu cầu chặt chẽ,0.0,0.0,"Tiếng Pháp, Tiếng Anh",Không bắt buộc,"Không, Thành tích học tập tốt",Không,Không yêu cầu,Không yêu cầu,,,,"Học bổng Excellence Masters Fellowships của Đại học Geneva (Thụy Sĩ) hỗ trợ tài chính cho sinh viên quốc tế xuất sắc theo học các chương trình thạc sĩ tại trường, đặc biệt trong lĩnh vực khoa học.","Đăng ký nhập học chương trình Master (theo hướng dẫn trên website Admissions)
Nộp hồ sơ xin học bổng Excellence Fellowship riêng
Hồ sơ trực tuyến mở từ tháng 1","Mở đơn: Tháng 1/2026
Deadline: 28/02/2026
Khóa học bắt đầu: Tháng 9/2026",https://www.unige.ch/sciences/en/enseignements/formations/masters/excellencemasterfellowships/,False
Swiss Government Excellence Scholarships (Art scholarships – Master’s degree),Chính phủ,Thụy Sĩ,"Toàn phần, Sinh hoạt phí, Chi phí khác","trợ cấp hàng tháng, miễn học phí, bảo hiểm y tế, hỗ trợ vé máy bay, phụ cấp nhà ở",Thường niên,8,2025-08-04 00:00:00,2025-09-15 00:00:00,,True,"chỉ dành cho ứng viên muốn học Master về lĩnh vực nghệ thuật, phải có giáo sư/giảng viên ở Thụy Sĩ đồng ý hướng dẫn nghiên cứu/đề án (điều kiện tiên quyết khi nộp hồ sơ).",Có,Artistic field,Bằng Cử nhân,Không yêu cầu,Không,Yêu cầu chặt chẽ,0.0,0.0,,Không bắt buộc,Không,Không,Không yêu cầu,Không yêu cầu,,,,Học bổng nghệ thuật mở cho sinh viên mong muốn theo học chương trình thạc sĩ đầu tiên trong lĩnh vực nghệ thuật tại Thụy Sĩ. Học bổng này chỉ dành cho sinh viên từ một số quốc gia nhất định.,"Phải có giảng viên/học thuật ở Thụy Sĩ đồng ý hướng dẫn.
Các biểu mẫu, tài liệu cụ thể sẽ được cung cấp trong country-specific fact sheet.","Mở đơn: 4/8/2025
Hạn nộp: tùy từng khu vực (ví dụ: Châu Âu 4/8/2025, Bắc Mỹ 27/8/2025, Châu Á 15/9/2025, Nam Mỹ 4/8/2025, …).",https://www.sbfi.admin.ch/en/swiss-government-excellence-scholarships,False
EPFL Excellence Fellowship -  École Polytechnique Fédérale de Lausanne,Trường,Thụy Sĩ,"Toàn phần, Sinh hoạt phí","Học phí + Sinh hoạt phí (CHF 10’000/semester + phòng ở ký túc xá, kéo dài tối đa 4 học kỳ cho bậc thạc s",Thường niên,,,2025-12-16 06:00:00,,True,,Có,Eligible Master’s Programme offered at University,Bằng Cử nhân,Thành tích học tập xuất sắc,Không,Yêu cầu chặt chẽ,0.0,0.0,Tùy khóa học,Không bắt buộc,"Không, Thành tích học tập tốt",Không,Không yêu cầu,Không yêu cầu,,,"Hoạt động ngoại khóa, Thành tích học tập",Học bổng Excellence Fellowship của EPFL (Thụy Sĩ) cung cấp hỗ trợ tài chính cạnh tranh cho sinh viên quốc tế xuất sắc theo học chương trình thạc sĩ tại trường.,"Nộp đơn online cùng với hồ sơ đăng ký chương trình thạc sĩ tại EPFL.
Đánh dấu chọn vào ô trong đơn ứng tuyển thạc sĩ để đăng ký xét học bổng.
Hồ sơ chi tiết cần theo hướng dẫn của EPFL Masters Fellowship Guidelines.",,https://www.epfl.ch/education/master/master-excellence-fellowships/,False
ARES Scholarships in Belgium for Developing Countries (UD ARES – Académie de Recherche et d’Enseignement Supérieur),"Quỹ, tổ chức",Bỉ,"Toàn phần, Sinh hoạt phí, Chi phí khác","học phí, chi phí đi lại quốc tế, trợ cấp sinh hoạt, phí đăng ký, chi phí visa, bảo hiểm, ...",Thường niên,,,2025-09-19 22:00:00,130.0,True,"chỉ dành cho công dân của 31 quốc gia đang phát triển bao gồm Africa (Benin, Burkina Faso, Burundi, Cameroon, Ethiopia, Guinea, Kenya, Madagascar, Mali, Morocco, Mozambique, Niger, DR Congo, Rwanda, Senegal, South Africa, Tanzania, Tunisia, Uganda, Zimbabwe), South America and the Caribbean (Bolivia, Cuba, Ecuador, Haiti, Peru), Southeast Asia (Cambodia, Indonesia, Nepal, Philippines, Vietnam), Asia (Palestinian territory). Người Palestine được chấp nhận dù không cư trú tại 31 quốc gia hợp lệ",Có,"aquaculture, health, food technology, economics, international development, GIS, information technology, agriculture, environment, human rights, microfinance",Bằng Cử nhân,Không yêu cầu,Không,Yêu cầu chặt chẽ,2.0,0.0,Không có thông tin,Không bắt buộc,Không,Không,Không yêu cầu,Không yêu cầu,,,Cam kết trở về,"Mỗi năm, ARES mang đến cơ hội theo học chương trình cử nhân nâng cao hoặc thạc sĩ, hoặc khóa đào tạo ngắn hạn từ 2 đến 6 tháng tại các cơ sở giáo dục đại học thuộc Liên đoàn Wallonia-Brussels, Vương quốc Bỉ.","Tạo tài khoản trực tuyến GIRAF
Điền và nộp đầy đủ đơn xin học bổng trên hệ thống
Hạn cuối nộp hồ sơ: 19/9/2025, 12h00 trưa (giờ Bỉ, UTC+1) → 17h00 cùng ngày giờ Việt Nam","Hạn nộp hồ sơ: 19/9/2025 lúc 17h00 (giờ Việt Nam)
",https://www.ares-ac.be/en/international-training-scholarships-2026-2027,False
UNIL Master’s Grants in Switzerland for Foreign Students - University of Lausanne,Trường,Thụy Sĩ,Toàn phần,"CHF 1,600/tháng trong 10 tháng/năm cho toàn bộ thời gian học thạc sĩ + miễn phí học phí cố định, trừ phí CHF 80/semester",Thường niên,9,2025-09-01 00:00:00,,10.0,True,"chỉ dành cho sinh viên quốc tế, chưa từng đăng ký tại UNIL",Có,"All Master’s programmes offered by UNIL, except:
Master from the School of Medicine
Master in Sciences and Practices of Education
Master of Law (except for specialisations: International and Comparative Law, Legal Theory, International Tax Law and Policy)
Master of Science in Physical Education and Sport Didactics
Master of Science in Health Sciences
Master of Science in Sustainable Management & Technology
Master of Science in Human Taphonomy
All MAS (3rd cycle programmes, Further Education programmes)","Bằng Cử nhân, Tương đương bằng Cử nhân",Không yêu cầu,Không,Yêu cầu chặt chẽ,0.0,0.0,"Tiếng Pháp, Tiếng Anh",Không bắt buộc,Không,Không,Không yêu cầu,Không yêu cầu,,,,Trường Đại học Lausanne (UNIL) tại Thụy Sĩ cấp học bổng UNIL Master’s Grants trên cơ sở cạnh tranh cho sinh viên quốc tế mong muốn theo học chương trình Thạc sĩ tại trường.,"Đơn đăng ký học bổng (cũng được tính là đơn xin nhập học thạc sĩ tại UNIL)
Bằng đại học (hoặc bằng tương đương với cử nhân của Thụy Sĩ)
Bảng điểm học tập
Minh chứng ngoại ngữ (C1 tiếng Pháp hoặc C1 tiếng Anh, tùy chương trình)
CV và các giấy tờ bổ sung (không có danh sách chi tiết đầy đủ trong bản tóm tắt, cần tham khảo website chính thức)
Biên lai đóng phí hành chính CHF 200","Tháng 9/2025: Mở đơn học bổng năm học 2026–2027
Hạn nộp hồ sơ: 1/11/2025 lúc 18:00 giờ Việt Nam (12:00 trưa giờ Thụy Sĩ)
Khóa học bắt đầu: Tháng 9/2026",https://www.unil.ch/unil/en/home/menuinst/etudier/mobilite-et-echange/etudiantes-et-etudiants-internationaux/etudiantes-internationaux-reguliers/bourses-master-de-lunil.html,False
Eric Bleumink Scholarships at University of Groningen,"Quỹ, tổ chức",Hà Lan,"Toàn phần, Sinh hoạt phí, Chi phí khác","học phí, chi phí đi lại quốc tế, sinh hoạt, sách vở, bảo hiểm y tế",Thường niên,,,2025-12-02 06:00:00,,True,"chỉ dành cho sinh viên từ các nước đang phát triển: Afghanistan, Angola, Bangladesh, Benin, Bhutan, Burkina Faso, Burundi, Cambodia, Chad, Comoros, Djibouti, Equatorial Guinea, Eritrea, Ethiopia, Gambia, Guinea, Guinea-Bissau, Haiti, Kiribati, Laos, Lesotho, Liberia, Madagascar, Malawi, Mali, Mauritania, Mozambique, Myanmar, Nepal, Niger, Rwanda, Sao Tome and Principe, Senegal, Sierra Leone, Solomon Islands, Somalia, Tanzania, Togo, Tuvalu, Uganda, Vanuatu, Yemen, Timor-Leste, Sudan (Rep.), Congo (Dem. Rep.), South Sudan, Central African Republic, Zambia, Armenia, Bolivia, Cape Verde, Congo (Rep.), Congo, El Salvador, Ghana, Honduras, India, Indonesia, Kosovo, Korea (Dem. Rep.), Kyrgyzstan, Moldova, Mongolia, Morocco, Nigeria, Vietnam, Uzbekistan, Ukraine.
trước 6:59 sáng ngày 1/12 Sinh viên phải được nhận (có điều kiện hoặc vô điều kiện) vào một chương trình Thạc sĩ của Đại học Groningen.",Không,All Master Programmes (MSc/MA/LL.M.) offered at University of Groningen,Bằng Cử nhân,Thành tích học tập xuất sắc,Không,Yêu cầu chặt chẽ,0.0,0.0,Tiếng Anh,Không bắt buộc,Thành tích học tập tốt,Không,Không yêu cầu,Không yêu cầu,,,Cam kết tham gia toàn bộ khóa học,Quỹ Eric Bleumink trao học bổng cho những sinh viên tài năng và các nhà nghiên cứu trẻ đến từ các nước đang phát triển. Học bổng được cấp cho chương trình Thạc sĩ kéo dài 1 năm hoặc 2 năm.,,,http://www.rug.nl/education/international-students/financial-matters/ericbleumink,False
