Scholarship_Name,Tổ chức cấp học bổng,Loại học bổng,Mức tài trợ,Chi tiết tài trợ,Hình thức mở đơn,Tháng mở đơn (thường niên),Ngày bắt đầu nhận hồ sơ,Ngày kết thúc nộp hồ sơ,Số lượng suất (nếu có),Dành cho sinh viên Việt Nam,Giới hạn đối tượng,Danh sách giới hạn đối tượng (nếu có),Giới hạn ngành nghề,Danh sách nhóm ngành / ngành cụ thể,Bằng cấp yêu cầu,GPA tối thiểu,Yêu cầu xếp hạng / liên quan ngành học,Kinh nghiệm yêu cầu,Năng lực & thành tích (requirements.competencies),Điều kiện gia hạn học bổng,Hồ sơ yêu cầu,Quy trình nộp hồ sơ,Liên kết học bổng (URL),Ghi chú (nếu có),Thường niên (Có/Không/Chưa rõ),
UCL Research Excellence Scholarship (UCL-RES),University College London (UCL),Trường,"Miễn toàn bộ học phí (Home/Overseas) + stipend (ví dụ 2025/26: ~£22,780/năm)","Kèm một số quyền lợi nghỉ ốm, thai sản theo chính sách UCL",Tự nộp trực tuyến qua UCL,Chưa rõ,Chưa rõ,Thường tháng 1 (tuỳ khoa),~40 suất/năm (toàn UCL),Có,Mở toàn cầu,Không,Không giới hạn,PhD tại UCL,Cử nhân + bằng ThS phù hợp (tuỳ khoa),Không nêu,Không nêu,Không bắt buộc,"Thành tích học thuật xuất sắc, đề cương nghiên cứu tốt",Theo quy định UCL,HS online + đề cương + thư giới thiệu,Nộp trên cổng UCL,https://www.ucl.ac.uk/scholarships/research-excellence-scholarship,Stipend tham chiếu 2025/26; có chính sách leave riêng,Có,
Canada Graduate Scholarships – Doctoral (CGS-D),Tri-Agency (CIHR/NSERC/SSHRC),Chính phủ,Stipend theo cơ quan quản lý; hỗ trợ tối đa 36 tháng,Học bổng tiến sĩ cấp quốc gia Canada,Tự nộp qua cổng Tri-Agency/đại học,Chưa rõ,Chưa rõ,Chưa rõ,Không nêu,Không,Chỉ công dân hoặc thường trú Canada,Canada PR/Citizen,Không,Đa ngành (theo hội đồng),Cử nhân+ThS/hoặc tương đương,Không nêu,Không nêu,Không bắt buộc,Thành tích học thuật & tiềm năng nghiên cứu,Theo Tri-Agency,HS online + minh chứng,Nộp theo hướng dẫn Tri-Agency,https://cihr-irsc.gc.ca/e/54349.html,Không mở cho ứng viên quốc tế (ví dụ VN),Có,
Monash Graduate Scholarship (MGS),Monash University,Trường,Stipend (mức công bố theo năm),Hỗ trợ chi phí sinh hoạt; có chính sách & thủ tục riêng,Tự nộp trực tuyến,Chưa rõ,Chưa rõ,Chưa rõ,Không nêu,Có,Mở toàn cầu,Không,Không giới hạn,PhD/HDR tại Monash,Cử nhân + ThS phù hợp (tuỳ khoa),Không nêu,Không nêu,Không bắt buộc,Thành tích học thuật & đề cương,Theo quy định Monash,HS online + tài liệu,Nộp qua cổng Monash,https://www.monash.edu/study/fees-scholarships/scholarships/find-a-scholarship/monash-graduate-scholarship-mgs,MIPRS đã thay bằng MITS (tuition scholarship),Có,
University of Sydney Research Training Program (RTP) Scholarships,Australian Government + University of Sydney,Chính phủ,RTP fee offset + RTP stipend (trả theo kỳ; mức cập nhật hàng năm),Có phụ cấp khác theo FAQ,Tự nộp trực tuyến,Theo chu kỳ tuyển sinh,Chưa rõ,Chưa rõ,Không nêu,Có,Mở toàn cầu,Không,Không giới hạn,HDR/PhD tại USyd,Cử nhân + ThS phù hợp,Không nêu,Không nêu,Không bắt buộc,Học thuật & tiềm năng nghiên cứu,Theo quy định RTP,HS online + đề cương,Nộp trên cổng USyd,https://www.sydney.edu.au/scholarships/australian-government-research-training-program.html,,Có,
Melbourne Research Scholarship (MRS),University of Melbourne,Trường,"Full fee offset (đến 4 năm) + stipend (ví dụ 2025: A$38,500/năm, đến 3.5 năm)",Gồm nghỉ ốm/ thai sản có lương theo chính sách,Tự nộp/được xét tự động,Theo chu kỳ,Chưa rõ,Chưa rõ,Không nêu,Có,Mở toàn cầu,Không,Không giới hạn,PhD tại UniMelb,Cử nhân + ThS phù hợp,Không nêu,Không nêu,Không bắt buộc,Học thuật & đề cương nghiên cứu,Theo quy định UniMelb,Hồ sơ nhập học HDR,Được xét khi nộp HDR,https://scholarships.unimelb.edu.au/awards/graduate-research-scholarships,,Có,
Gates Cambridge Scholarship,Gates Cambridge Trust (University of Cambridge),Quỹ / Tổ chức,"Full fees + stipend (ví dụ ~£21,000/năm; PhD tối đa 4 năm) + vé máy bay",Có thêm quỹ tùy chọn,Tự nộp trực tuyến,Theo vòng Cambridge,Chưa rõ,Chưa rõ,~80 suất/năm,Có,Mở toàn cầu,Không,Không giới hạn,PhD tại Cambridge,Cử nhân + ThS phù hợp,Không nêu,Không nêu,Không bắt buộc,"Xuất sắc học thuật, phù hợp chương trình, năng lực lãnh đạo",Theo quy định Trust,HS online + referees,Nộp trên cổng Cambridge/Gates,https://www.gatescambridge.org/programme/the-scholarship/,,Có,
Rhodes Scholarship,Rhodes Trust,Quỹ / Tổ chức,"Full fees Oxford + stipend; cơ bản 2 năm, có thể hỗ trợ năm 3 cho DPhil (theo điều kiện)",Hỗ trợ visa/IHS khi chuyển khoá,Đề cử & tự nộp trực tuyến theo khu vực,Theo khu vực,Chưa rõ,Chưa rõ,~100/năm (toàn cầu),Có,Theo quốc gia nhận học bổng Rhodes,Theo danh sách Rhodes,Không,PG tại Oxford (bao gồm DPhil),Cử nhân (thành tích cao),Không nêu,Không nêu,Không bắt buộc,"Lãnh đạo, học thuật xuất sắc, phục vụ cộng đồng",Theo Conditions of Tenure,HS online + phỏng vấn,Theo quy trình Rhodes,https://www.rhodeshouse.ox.ac.uk/scholarships/the-rhodes-scholarship/,“DPhil funding” năm 3 theo điều kiện nêu trong CoT,Có,
Chevening Scholarship,UK FCDO + Chevening Secretariat,Chính phủ,Toàn phần thạc sĩ 1 năm (học phí + sinh hoạt + vé),**Không tài trợ PhD**,Tự nộp trực tuyến,Theo call hằng năm,Chưa rõ,Chưa rõ,~1.500+/năm toàn cầu,Không,Ứng viên học **Master 1 năm**,Không,Không,Không áp dụng bậc PhD,Cử nhân,Không nêu,Không nêu,Kinh nghiệm làm việc tối thiểu,Lãnh đạo/ảnh hưởng cộng đồng,Không áp dụng,HS online + referees,Nộp trên cổng Chevening,https://www.chevening.org/,Chỉ dành cho **Master 1 năm**,Có,
Commonwealth Scholarship (CSC) – PhD,Commonwealth Scholarship Commission (UK),Chính phủ,"Học phí, vé máy bay, sinh hoạt",Có PhD toàn phần và Split-site PhD,Tự nộp qua CSC + đề cử,Theo call,Chưa rõ,Theo call,Không nêu,Có,Công dân Khối Thịnh vượng chung,Theo danh sách CSC,Không,PhD tại ĐH UK,Cử nhân+ThS phù hợp,Không nêu,Không nêu,Ưu tiên có liên quan phát triển,Học thuật mạnh + tác động phát triển,Theo CSC,HS online + đề cử,https://cscuk.fcdo.gov.uk/about-us/scholarships/,Bao gồm route LDC/Fragile states,Có,,
UKRI Doctoral Training Partnerships (DTPs),UK Research & Innovation (UKRI),Chính phủ,Stipend + học phí mức Home; quốc tế **đủ điều kiện** (thường tối đa ~30% mỗi DTP),Một số DTP không cover visa/IHS,Nộp qua DTP/đại học chủ trì,Theo từng DTP,Chưa rõ,Chưa rõ,Không nêu,Có,Mở cho Home & International,Theo DTP,Theo lĩnh vực của DTP,PhD tại tổ chức UKRI RO,Cử nhân/ThS tương đương UK 2:1+,Không nêu,Không nêu,Không bắt buộc,Học thuật & phù hợp nghiên cứu,Theo UKRI,HS qua DTP,Nộp trên trang DTP/đại học,https://www.ukri.org/apply-for-funding/studentships-and-doctoral-training/get-a-studentship-to-fund-your-doctorate/,Quốc tế đủ điều kiện; trần tỷ lệ theo hướng dẫn UKRI,Có,
Wellcome Trust Four-year PhD Programmes,Wellcome (qua các cơ sở chủ trì),Quỹ / Tổ chức,"Học phí + stipend; mức theo từng cơ sở (ví dụ Sanger ~£25,270 năm 1, tăng dần)",Tuyển theo trường/viện chủ trì,Nộp trực tiếp cho chương trình chủ trì,Theo từng cơ sở,Chưa rõ,Chưa rõ,Không nêu,Có,Mở toàn cầu,Không,Theo lĩnh vực chương trình,PhD 4 năm tại cơ sở chủ trì,Cử nhân/ThS phù hợp,Không nêu,Không nêu,Không bắt buộc,"Học thuật xuất sắc, tiềm năng nghiên cứu",Theo cơ sở chủ trì,HS online + phỏng vấn,Nộp qua trang chương trình,https://wellcome.org/research-funding/schemes/four-year-phd-studentships-science-closed,"Scheme trung ương đánh dấu ‘closed’, nhưng các programme vẫn tuyển qua cơ sở (vd. Sanger)",Có,
DAAD Doctoral Programmes in Germany (Research Grants),DAAD (Germany),Chính phủ,Stipend hàng tháng + BHYT + hỗ trợ di chuyển (mức theo call),Hỗ trợ làm PhD toàn phần hoặc giai đoạn nghiên cứu tại Đức,Tự nộp trực tuyến,Theo call,Chưa rõ,Chưa rõ,Không nêu,Có,Mở toàn cầu,Không,Không giới hạn (tuỳ ngành & trường Đức),PhD tại cơ sở Đức hoặc cotutelle,Cử nhân+ThS phù hợp,Không nêu,Không nêu,Không bắt buộc,Học thuật & đề cương,Theo DAAD,HS online + thư mời (nếu cần),https://www2.daad.de/deutschland/stipendium/datenbank/en/21148-scholarship-database/?detail=57135739,,Có,,
Eiffel Excellence Scholarship Program (Doctorate),Ministry for Europe & Foreign Affairs (France),Chính phủ,"Trợ cấp hàng tháng (ví dụ **€2,100** từ 01/2026) + dịch vụ đi kèm; **không** cover học phí",Trường Pháp nộp hồ sơ thay ứng viên,Trường đề cử qua Campus France,Cuối năm–đầu năm,Theo call,Theo call,Không nêu,Có,Ứng viên quốc tế ngoài Pháp,Không,Không,PhD/cotutelle tại cơ sở Pháp,Cử nhân+ThS phù hợp,Không nêu,Không nêu,Không bắt buộc,Học thuật xuất sắc,Theo quy định Eiffel,HS qua trường chủ trì,Nộp qua Campus France (trường gửi),https://www.campusfrance.org/en/the-france-excellence-eiffel-scholarship-program,Stipend tiến sĩ cập nhật 2026,Có,
F.R.S.-FNRS Doctoral Fellowships (FRIA/FRESH/ASP),F.R.S.-FNRS (Belgium),Quỹ / Tổ chức,Hợp đồng/học bổng tiến sĩ; thời hạn tối đa thường 4 năm (theo scheme),"Các track: FRIA, FRESH, Aspirant…",Nộp trực tuyến,Theo call,Chưa rõ,Chưa rõ,Không nêu,Có,Mở toàn cầu (làm PhD tại BE-FR),Không,Theo lĩnh vực được tài trợ,PhD tại Wallonia-Brussels Federation,Cử nhân+ThS phù hợp,Không nêu,Không nêu,Không bắt buộc,Học thuật & dự án mạnh,Theo FNRS,HS online + đề cương,Nộp qua cổng FNRS,https://www.frs-fnrs.be/en/financements/chercheur-doctorant,,Có,
FWO Doctoral Fellowships (Fundamental Research / SB),Research Foundation – Flanders (FWO),Quỹ / Tổ chức,Fellowship + stipend 4 năm (theo track),"Tracks: Fundamental Research, Strategic Basic Research",Nộp trực tuyến,Theo call,Chưa rõ,Chưa rõ,Không nêu,Có,Mở toàn cầu (PhD tại Flanders),Không,Theo lĩnh vực được tài trợ,PhD tại Flanders,Cử nhân+ThS phù hợp,Không nêu,Không nêu,Không bắt buộc,Học thuật & đề cương,Theo FWO,HS online + đề cương,Nộp qua cổng FWO,https://www.fwo.be/en/fellowships-funding/phd-fellowships/phd-fellowship-fundamental-research/,Có track SB riêng,Có,
FPI/FPU Predoctoral Grants (Spain),Ministerio de Ciencia / Universidades (Spain),Chính phủ,Hợp đồng predoctoral đến 4 năm + lương theo quy định,FPI (AEI) & FPU (MICIU) hỗ trợ hoàn thành luận án,Nộp trực tuyến,Theo call,Chưa rõ,Chưa rõ,Không nêu,Có,Mở toàn cầu (theo điều kiện cơ sở tiếp nhận),Không,Theo lĩnh vực dự án/nhóm,PhD tại cơ sở TBN,Cử nhân+ThS phù hợp,Không nêu,Không nêu,Không bắt buộc,Học thuật & phù hợp nhóm nghiên cứu,Theo call,HS online + chấp nhận từ nhóm,Theo hướng dẫn Bộ,https://www.ciencia.gob.es/Convocatorias/2024/FPU2024.html,FPI: AEI; FPU: MICIU – đều là hợp đồng 4 năm,Có,
MAECI Italian Government Scholarships,MAECI (Italy),Chính phủ,Trợ cấp ~€900/tháng + miễn/giảm học phí (tuỳ trường),Cho Master/PhD/NC – theo call năm,Tự nộp trực tuyến,Thường Q2,Theo call,Theo call,Không nêu,Có,Mở toàn cầu,Không,Không giới hạn,PhD tại cơ sở Ý,Cử nhân+ThS phù hợp,Không nêu,Không nêu,Không bắt buộc,Học thuật & ngoại ngữ (tuỳ chương trình),Theo MAECI,HS online + tài liệu,https://www.esteri.it/en/opportunita/borse-di-studio/per-cittadini-stranieri/borsestudio_stranieri/,,Có,,
Swiss Government Excellence Scholarships (PhD),SERI / FCS (Switzerland),Chính phủ,Stipend + miễn/giảm học phí (tuỳ trường) + BHYT cơ bản + vé máy bay (tuỳ nước),Qua Đại sứ quán Thuỵ Sĩ; có track PhD/Research,Nộp qua ĐSQ Thuỵ Sĩ tại nước sở tại,Q3–Q4,Theo country call,Theo country call,Không nêu,Có,Theo danh sách quốc gia đủ điều kiện,Theo FCS,Không,PhD tại cơ sở Thuỵ Sĩ,Cử nhân+ThS phù hợp,Không nêu,Không nêu,Không bắt buộc,Hồ sơ mạnh + thư chấp nhận,Theo SERI/FCS,HS qua ĐSQ,Nộp theo hướng dẫn SERI,https://www.sbfi.admin.ch/en/swiss-government-excellence-scholarships,,Có,
CYD Fellowships (Doctoral),CYD Campus (DDPS) & EPFL (Switzerland),Quỹ / Tổ chức,Lương + quỹ nghiên cứu & hội nghị 4 năm (có thể gia hạn 1 năm),Nghiên cứu an ninh mạng/cyber-defence tại CH; cần supervisor tại trường Thuỵ Sĩ,Tự nộp trực tuyến,Theo call,Chưa rõ,Chưa rõ,Không nêu,Có,Mở toàn cầu,Không,An ninh mạng/cyber-defence,PhD tại cơ sở Thuỵ Sĩ,Cử nhân+ThS phù hợp,Không nêu,Không nêu,Không bắt buộc,Học thuật xuất sắc & phù hợp chủ đề,Theo CYD,HS online + đề cương,https://www.epfl.ch/research/funding/epfl-programmes/cyd/cyd-phd/,,Có,,
Government of Ireland Postgraduate Scholarship (PhD),Irish Research Council / Research Ireland,Chính phủ,Gói tài trợ theo call (stipend + phí + chi phí nghiên cứu),Nộp qua HEI Ireland; có mốc applicant/supervisor/RO,Tự nộp trực tuyến,Thường Q3–Q4,Theo call (ví dụ 23/10/2025),Theo call,Không nêu,Có,Mở toàn cầu,Không,Không giới hạn,PhD tại HEI Ireland,Cử nhân+ThS phù hợp,Không nêu,Không nêu,Không bắt buộc,Học thuật & tiềm năng nghiên cứu,Theo IRC,HS online + chấp nhận từ HEI,Nộp trên cổng IRC/Research Ireland,https://research.ie/funding/goipg/,Cơ quan đang chuyển đổi thành Research Ireland,Có,
Japanese Government (MEXT) Scholarship (Research),MEXT (Japan),Chính phủ,Miễn học phí + trợ cấp hàng tháng + vé máy bay (theo năm tuyển),Hai đường: Embassy/University Recommendation; lịch theo từng nước,Nộp qua ĐSQ Nhật/Trường chủ trì,Q2–Q3 (thường),Theo nước,Theo nước,Không nêu,Có,Ứng viên quốc tế,Theo từng call,Không,Đa ngành (Research Student/PhD),Cử nhân/ThS phù hợp (tuỳ khoa),Không nêu,Không nêu,Không bắt buộc,"Học thuật tốt, đề cương nghiên cứu",Theo hướng dẫn MEXT,Hồ sơ + đề cương + thư giới thiệu,Theo ĐSQ/Trường và Study in Japan,https://www.studyinjapan.go.jp/en/planning/scholarships/mext-scholarships/,Embassy route thường sơ tuyển 5–7 hằng năm,Có,
Global Korea Scholarship (GKS),NIIED (Korea),Chính phủ,"Học phí, trợ cấp sinh hoạt, vé máy bay, BHYT (tuỳ bậc)",Chi tiết thay đổi theo năm và bậc (UG/PG),Nộp online/qua ĐSQ/Trường,Q3–Q4 (UG) / Q1–Q2 (PG),Theo call,Theo call,~Nhiều suất toàn cầu,Có,Ứng viên quốc tế,Theo từng track,Không,Đa ngành (theo danh sách trường),Cử nhân/ThS phù hợp (đối với PhD),Không nêu,Không nêu,Không bắt buộc,Học thuật & hồ sơ cạnh tranh,Theo NIIED,Hồ sơ online + xác thực,Qua Study in Korea/NIIED,https://www.niied.go.kr/eng/main.do,Kiểm tra thông báo từng năm,Có,
China Government Scholarship (CGS),China Scholarship Council (CSC),Chính phủ,Miễn/giảm học phí + trợ cấp hàng tháng + ký túc xá/BHYT (tuỳ chương trình),Nhiều hạng mục (Type A/B/C); lịch theo CSC & trường tiếp nhận,Nộp qua ĐSQ Trung Quốc/trường/QĐ,Cuối năm–Q2,Theo call,Theo call,Không nêu,Có,Ứng viên quốc tế,Theo từng chương trình,Không,Đa ngành,ThS phù hợp (đối với PhD),Không nêu,Không nêu,Không bắt buộc,Học thuật & đề cương,Theo CSC,Hồ sơ + thư chấp nhận (nếu cần),Theo CSC/trường,https://yz.tsinghua.edu.cn/en/info/1027/1117.htm,Tham chiếu portal CSC chính thức,Có,
Siemens China Scholarship,Tsinghua University & Siemens Ltd.,Quỹ / Tổ chức,Full scholarship (học phí+stipend theo năm),Nghiên cứu PhD tại Tsinghua phối hợp Siemens trong 9–10 lĩnh vực,Nộp trực tuyến Tsinghua,Q4–Q1,Theo call,Theo call,Không nêu,Có,Mở toàn cầu,Không,STEM/Automation/Robotics… (theo bảng lĩnh vực),ThS phù hợp,Không nêu,Không nêu,Không bắt buộc,Học thuật xuất sắc & phù hợp chủ đề,Theo Tsinghua/SIEMENS,Hồ sơ online + đề cương,Qua cổng Tsinghua,https://yz.tsinghua.edu.cn/en/info/1027/1481.htm,Chương trình hợp tác công nghiệp,Có,,
Marie Skłodowska-Curie Actions (Doctoral Networks),European Commission (MSCA),Quỹ / Tổ chức,Hợp đồng nghiên cứu+tiền lương theo quy định EU (country correction),Mạng lưới tiến sĩ xuyên quốc gia; tuyển theo từng dự án,Nộp trực tiếp từng consortium,Q2–Q4 (tuỳ dự án),Theo dự án,Theo dự án,Không nêu,Có,Ứng viên toàn cầu,Theo call từng dự án,Không,Theo lĩnh vực dự án,Cử nhân+ThS phù hợp,Không nêu,Không nêu,Không bắt buộc,Tiềm năng nghiên cứu & tính di động,Theo grant agreement,Hồ sơ theo call,Trên cổng dự án/EC,https://marie-sklodowska-curie-actions.ec.europa.eu/actions/doctoral-networks,Là “việc làm tiến sĩ” có lương,Có,
Singapore International Graduate Award (SINGA),A*STAR + NTU/NUS/SMU/SUTD/SIT,Quỹ / Tổ chức,Miễn học phí + stipend hàng tháng (mức theo năm) + hỗ trợ ban đầu,Bond-free; bằng cấp do NTU/NUS/SMU/SUTD/SIT cấp,Nộp trực tuyến,Q2–Q3 (thường),Theo call,Theo call,Không nêu,Có,Mở toàn cầu,Không,Science/Engineering (chủ đạo),Cử nhân/ThS phù hợp,Không nêu,Không nêu,Không bắt buộc,Học thuật mạnh & research fit,Theo SINGA,Hồ sơ online + referees,Qua cổng A*STAR/SINGA,https://www.a-star.edu.sg/Scholarships/aga-faqs/faqs-scholarships-singa,Bond-free,Có,,
Aga Khan Foundation International Scholarship Programme (AKF-ISP),Aga Khan Foundation,Quỹ / Tổ chức,50% grant : 50% loan (mức theo năm),Ưu tiên Master; PhD chỉ xem xét trường hợp **xuất sắc** có khuyến nghị,Nộp qua văn phòng quốc gia/Qũy,Q2,Theo call,Theo call,Không nêu,Có,Chỉ các nước được liệt kê,Theo danh sách AKF,Không,PG (Master ưu tiên; PhD có thể),Cử nhân (thường),Không nêu,Không nêu,Kinh nghiệm/phục vụ cộng đồng,"Nhu cầu tài chính + thành tích, leadership",Theo AKF,Hồ sơ + phỏng vấn,Qua văn phòng AKF,https://the.akdn/en/what-we-do/developing-human-capacity/education/international-scholarships,Ghi chú 50:50 grant/loan,Có,
IDRC – International Doctoral Research Awards (IDRA),IDRC (Canada) qua Universities Canada,Quỹ / Tổ chức,Hỗ trợ nghiên cứu hiện trường (mức theo call),"Dành cho NCS đăng ký tại ĐH Canada, nghiên cứu tại Global South",Nộp trực tuyến,Q3–Q4 (tuỳ năm),Theo call,Theo call,Không nêu,Có,Phải là NCS tại đại học Canada,Canada-enrolled PhD,Không,Theo lĩnh vực phát triển,ThS phù hợp (đối với PhD),Không nêu,Không nêu,Không bắt buộc,Năng lực nghiên cứu & SDG fit,Theo IDRC,Hồ sơ online,Portal Universities Canada,https://univcan.ca/program-scholarship/idrc-international-doctoral-research-awards/,Yêu cầu đang học PhD tại Canada,Có,
HEC Paris – PhD Program Funding,HEC Paris,Trường,Fully-funded 5 năm (tuỳ thông báo) + hỗ trợ nghiên cứu,Gọi vốn nội bộ/ngoại bộ; nhiều track hỗ trợ nghiên cứu,Nộp trực tuyến,Q3–Q1,Theo vòng trường,Theo vòng trường,Không nêu,Có,Mở toàn cầu,Không,Kinh doanh/Quản trị (8 chuyên ngành),ThS phù hợp/hoặc tương đương,Không nêu,Không nêu,Không bắt buộc,Học thuật xuất sắc & research fit,Theo HEC,HS online + referees,Qua cổng HEC,https://www.hec.edu/en/phd-program/financing,,Có,,
Dublin City University (DCU) – PhD Scholarships (trường/khoa),Dublin City University,Trường,"Miễn học phí + stipend (ví dụ: €25,000/năm ở một số khoa)",Gọi theo từng khoa; số suất/điều kiện khác nhau,Nộp trực tuyến theo khoa,Q1–Q2 (thường),Theo call,Theo call,Không nêu,Có,Mở toàn cầu,Không,Theo ngành/khoa thông báo,ThS phù hợp (đối với PhD),Không nêu,Không nêu,Không bắt buộc,Học thuật & đề cương,Theo DCU,HS online,Trang học bổng khoa/DCU,https://www.dcu.ie/communications/phd-scholarships-call-2025,Ví dụ School of Communications €25k + fees,Có,,
CSIRO Industry PhD (iPhD),CSIRO + ĐH đối tác (Úc),Quỹ / Tổ chức,"~A$47,000/năm stipend (2025) + A$13,000/năm kinh phí dự án (4 năm)",Mô hình 3 bên: CSIRO – ĐH – doanh nghiệp; 60 ngày industry engagement,Nộp trực tuyến theo dự án,Q1–Q4 (tuỳ dự án),Theo call,Theo call,Không nêu,Có,Mở toàn cầu (tuỳ dự án),Theo từng dự án,Không,Theo lĩnh vực dự án,ThS phù hợp,Không nêu,Không nêu,Không bắt buộc,Applied research & industry fit,Theo CSIRO,HS online,https://research.csiro.au/iphd-opportunities/,Bao gồm top-up/khoản hỗ trợ dự án,Có,,
European University Institute (EUI) Doctoral Programme,EUI (Italy),Trường,Học bổng/tiền lương do quốc gia tài trợ + miễn học phí (4 năm),~150 suất/năm; theo ngành Kinh tế/Luật/Lịch sử/KHXH,Nộp trực tuyến,Q4–Q1,Theo call,Thường giữa 1/2026,~150/năm,Có,Theo quốc gia tài trợ,Theo danh sách EUI,Không,Economics/Law/History/SPS,ThS phù hợp (đa số),Không nêu,Không nêu,Không bắt buộc,Học thuật & đề cương,Theo EUI,HS online,https://www.eui.eu/en/services/academic-service/doctoral-programme,Chi tiết funding theo Grants Office,Có,,
EURAXESS – PhD Studentships/Jobs (cổng việc làm nghiên cứu),European Commission (EURAXESS),Quỹ / Tổ chức,Không phải học bổng đơn lẻ; là cổng đăng tuyển với lương/học bổng theo từng bài đăng,Liệt kê hàng nghìn vị trí PhD/postdoc tại 40+ quốc gia,Ứng tuyển theo từng tin,Q1–Q4,Theo bài đăng,Theo bài đăng,Không nêu,Có,Mở toàn cầu,Theo bài,Không,Đa ngành,N/A,Không nêu,Không nêu,Theo vị trí,Năng lực theo JD từng tin,Theo hợp đồng vị trí,Hồ sơ theo JD,Qua portal EURAXESS,https://euraxess.ec.europa.eu/jobs,**Nền tảng tuyển dụng**,Có,
University of Brighton – Funded PhD Studentships,University of Brighton,Trường,Fully-funded studentships (miễn học phí + stipend UKRI mức năm),Mở theo đợt và theo dự án/khoa,Nộp trực tuyến theo dự án,Q1–Q2 (thường),Theo call,Theo call,Không nêu,Có,Mở toàn cầu (tuỳ dự án),Theo call,Không,Đa ngành theo trường,ThS phù hợp/hoặc thành tích tương đương,Không nêu,Không nêu,Không bắt buộc,Học thuật & đề cương,Theo Brighton,HS online,https://www.brighton.ac.uk/research/postgraduate-research-degrees/funding-opportunities-and-studentships/index.aspx,,Có,,
Vingroup Science & Technology Scholarship (PhD),Vingroup (VinUniversity quản lý),Quỹ / Tổ chức,"Full scholarship (học phí, sinh hoạt, vé…) theo call",Dành cho công dân Việt Nam học PhD STEM ở ĐH đối tác/ưu tiên,Nộp trực tuyến (Track 1/2),Q2–Q4 (tuỳ Track),Theo call,Theo call,~tối đa 100/năm (Master+PhD),Có,Công dân Việt Nam,Việt Nam,Không,STEM (danh mục lĩnh vực ưu tiên),Cử nhân/ThS phù hợp,Không nêu,Không nêu,Ưu tiên đóng góp KH&CN VN,"Học thuật xuất sắc, AACC",Theo Vingroup,HS online + PV,https://scholarships.vinuni.edu.vn/,Theo thông báo cohort (2025–2026),Có,,
RMIT Vietnam PhD Scholarships,RMIT Vietnam,Trường,Miễn 100% học phí + ~14 triệu VND/tháng (tham chiếu trang RMIT VN),Có top-up/điều kiện theo năm,Nộp trực tuyến,Q2–Q3 (thường),Theo call,Theo call,Không nêu,Có,Công dân Việt Nam (ưu tiên),Việt Nam,Không,Theo ngành mở tại RMIT VN,ThS phù hợp,Không nêu,Không nêu,Không bắt buộc,Học thuật & research fit,Theo RMIT VN,HS online,https://www.rmit.edu.vn/study-at-rmit/phd-programs,Chi tiết stipend nêu trên trang VN,Có,,
VIED – University of Waterloo Doctoral Scholarship,VIED (MOET VN) + University of Waterloo,Chính phủ,Học bổng VIED + gói hỗ trợ từ Waterloo (theo chính sách),Hỗ trợ toàn phần cho NCS VN theo MOU,Đề cử + nộp trực tuyến,Q2–Q3 (thường),Theo call,Theo call,Không nêu,Có,Công dân Việt Nam,Việt Nam,Không,Đa ngành tại Waterloo,ThS phù hợp,Không nêu,Không nêu,Không bắt buộc,Học thuật & thư chấp nhận,Theo VIED & Waterloo,Hồ sơ theo hướng dẫn,https://uwaterloo.ca/future-graduate-students/admissions/information-international-students/international-agreements-and-sponsorships/vietnam-international-education-development-doctoral,Theo MOU VIED–Waterloo,Có,,
Monash – Vietnam Government Joint PhD (Project 89),Monash University + VIED,Trường,Gói tài trợ kết hợp (VIED + Monash/tuỳ trạng thái),Hỗ trợ học phí + stipend theo thoả thuận,Đề cử + nộp trực tuyến,Q2–Q3 (thường),Theo call,Theo call,Không nêu,Có,Công dân Việt Nam (đối tượng Đề án 89),Việt Nam,Không,Theo ngành Monash,ThS phù hợp,Không nêu,Không nêu,Không bắt buộc,Học thuật & research fit,Theo Monash/VIED,Hồ sơ online + xác nhận,https://www.monash.edu/graduate-research/study/scholarships/fees-scholarships/accordions/accordion-international-students,Ghi chú: trang Monash nêu thoả thuận đã hết hạn một số đợt; theo call mới,Chưa rõ,,
UTS FEIT – Project 89 PhD Top-up,University of Technology Sydney (FEIT) + VIED,Trường,VIED: USD 25.000/năm học phí + USD 1.120/tháng stipend; UTS: **top-up phần chênh lệch học phí** + hỗ trợ khác,Thời hạn tối đa 3.5 năm,Nộp qua UTS + VIED,Q2–Q3 (thường),Theo call,Theo call,Không nêu,Có,Công dân Việt Nam,Việt Nam,Không,Kỹ thuật & CNTT (FEIT),ThS phù hợp,Không nêu,Không nêu,Không bắt buộc,Học thuật & industry fit,Theo UTS,HS online + đề cương,https://www.uts.edu.au/for-students/admissions-entry/scholarships/external-scholarships/project-89,Trang UTS công bố mức cụ thể 2025,Có,,
Fulbright Vietnamese Visiting Student Researcher (VSR) – S&T,U.S. Embassy Hanoi (Fulbright Vietnam),Chính phủ,"Học bổng trao đổi ngắn hạn (6–10 tháng): trợ cấp sinh hoạt, vé, BHYT; **không cấp bằng**",Dành cho NCS Việt Nam đang học PhD tại VN (S&T),Nộp trực tuyến qua ĐSQ Mỹ,Q1–Q2 (thường),Theo call,Theo call,~tối đa 5 suất/năm,Có,Chỉ công dân Việt Nam,Việt Nam,Không,S&T,Đang là NCS tại VN,Không nêu,Không nêu,Không bắt buộc,Học thuật & kế hoạch nghiên cứu,Theo Fulbright,Hồ sơ online + letter of affiliation,Trang ĐSQ Mỹ VN (Fulbright VSR),https://foreign.fulbrightonline.org/host-institutions/foreign-student-program/visiting-student-researchers,Ghi chú: non-degree/visiting,Có,
Hong Kong PhD Fellowship Scheme (HKPFS),Research Grants Council (Hong Kong),Chính phủ,HK$340.800/năm + HK$14.200/năm travel (tối đa 3 năm),Khoảng 400 suất (2026/27); có thể thêm hỗ trợ từ trường,Nộp online RGC + nộp trường,Q3–Q4,Mở 2025/26: hạn tham chiếu ~01/12/2025,Theo thông báo,~400 suất/năm,Có,Mở toàn cầu,Không,Đa ngành (theo ĐH Hồng Kông),ThS phù hợp/hoặc tương đương,Không nêu,Không nêu,Không bắt buộc,Học thuật xuất sắc & nghiên cứu,Theo RGC,Hồ sơ online + nộp ĐH,https://cerg1.ugc.edu.hk/hkpfs/index.html,Thời hạn & mức công bố bởi RGC,Có,,,
Edinburgh Doctoral College Scholarships,University of Edinburgh,Trường,Miễn/giảm học phí + stipend (mức theo năm),Mở cho UK & Overseas; tuyển cho 2025–2026,Trực tuyến (UoE portal),Q4–Q1,Chưa rõ,Theo call,Không nêu,Có,Mở toàn cầu,Không,Không giới hạn,PhD tại University of Edinburgh,Thạc sĩ phù hợp (đa số ngành),Không nêu,Không nêu,Không bắt buộc,Học thuật xuất sắc & đề cương nghiên cứu,Duy trì tiến độ,HS online + referees,Qua cổng UoE,https://registryservices.ed.ac.uk/student-funding/postgraduate/international/other-funding/doctoral-college,Trường/khoa có trang riêng theo ngành,Có,
Warwick Chancellor’s International Scholarships,University of Warwick,Trường,"Full tuition + stipend theo UKRI (3.5 năm) + RTSG £5,000",Hỗ trợ chi phí di trú (đủ điều kiện),Trực tuyến (1 đơn,xét nhiều scheme),Q4–Q1,Theo call,Theo call,Không nêu,Có,Mở toàn cầu,Không,Không giới hạn,PhD tại Warwick,Thạc sĩ/hoặc tương đương mạnh,Không nêu,Không nêu,Không bắt buộc,Học thuật & tiềm năng nghiên cứu,Duy trì tiến độ,HS online,Qua cổng Warwick,https://warwick.ac.uk/services/dc/schols_fund/applicants/competitions/,Chi tiết quyền lợi công bố hằng năm,Có
Manchester President’s Doctoral Scholar Award (PDS),The University of Manchester,Trường,"Học phí + stipend (3.5 năm) + £1,000 enhancement",Rất cạnh tranh; mở mọi ngành,Trực tuyến (sau khi có offer),Q4–Q1,Theo call,Theo call,~15 (một số khoa)/năm,Có,Mở toàn cầu,Không,Không giới hạn,PhD tại Manchester,Thạc sĩ/hoặc tương đương,Không nêu,Không nêu,Không bắt buộc,Học thuật xuất sắc,Duy trì tiến độ,HS online + (nếu thuộc AHRC/ESRC theo khoa),Qua cổng Manchester,https://www.manchester.ac.uk/study/postgraduate-research/funding/presidents-doctoral-scholar-award/,Có trang riêng & thông báo theo khoa,Có,
Nottingham Vice-Chancellor’s Scholarship for Research Excellence,University of Nottingham,Trường,Thường cover học phí (International); mức thay đổi theo ngành,Một số khoa có thêm stipend/ghép các quỹ,Danh theo từng khoa/call,Q4–Q1,Theo call,Theo call,Không nêu,Có,Mở toàn cầu,Không,Không giới hạn,PhD tại University of Nottingham,Thạc sĩ/hoặc tương đương,Không nêu,Không nêu,Không bắt buộc,Học thuật & research fit,Theo khoa/đơn vị,HS theo khoa,Trang funding nghiên cứu của Nottingham,https://www.nottingham.ac.uk/studywithus/international-applicants/scholarships-funding-finance/research-scholarships.aspx,Scheme thay đổi theo khoa/năm,Chưa rõ,
King’s PGR International Scholarships (KCL),King’s College London,Trường,Full/partial (tuỳ đợt; scheme thay đổi),Một số đợt **đã đóng**; xem trang tổng hợp học bổng PGR,Trực tuyến (theo từng đợt),Q4–Q1,Theo call,Theo call,Không nêu,Có,Mở toàn cầu,Không,Không giới hạn,PhD tại King’s,Thạc sĩ/hoặc tương đương,Không nêu,Không nêu,Không bắt buộc,Học thuật & đề cương,Theo điều kiện từng đợt,HS online,https://www.kcl.ac.uk/study/postgraduate-research/funding/scholarships-and-studentships,Trang 2021/22 đợt cũ đã đóng,Chưa rõ,,
QMUL Principal’s Postgraduate Research Studentships,Queen Mary University of London,Trường,"Fully-funded (học phí + stipend, thường 3 năm)",Theo lĩnh vực/khoa,Trực tuyến theo dự án/khoa,Q3–Q1,Theo call,Theo call,Không nêu,Có,Mở toàn cầu,Không,Không giới hạn,PhD tại QMUL,Thạc sĩ/hoặc tương đương,Không nêu,Không nêu,Không bắt buộc,Học thuật & đề cương,Theo quy định QMUL,HS online,https://www.qmul.ac.uk/postgraduate/research/funding_phd/studentships/,Có PDF/đợt theo HSS/SE/MS,Có,,
Nanyang President’s Graduate Scholarship (NPGS),Nanyang Technological University (NTU),Trường,Full tuition + stipend (mức theo năm) + các trợ cấp,Dành cho ứng viên xuất sắc (không giới hạn quốc tịch),Trực tuyến,Q4–Q1,Theo call,Theo call,Không nêu,Có,Mở toàn cầu,Không,Theo chương trình PhD tại NTU,Thạc sĩ/hoặc Cử nhân loại xuất sắc,Không nêu,Không nêu,Không bắt buộc,Học thuật xuất sắc & leadership,Duy trì tiến độ,HS online + supervisor,https://www.ntu.edu.sg/admissions/graduate/financialmatters/scholarships/npgs,Trang NIE/NTU nêu tiêu chí học lực rất cao,Có,,,
Taiwan International Graduate Program (TIGP),Academia Sinica + các ĐH đối tác (Taiwan),Quỹ / Tổ chức,"Stipend NT$40,000/tháng năm 1 (gia hạn nếu đạt); học phí ưu đãi",13+ chương trình; dạy bằng tiếng Anh (đa số),Trực tuyến,Q4–Q2,Theo đợt,Theo đợt,Không nêu,Có,Mở toàn cầu,Không,STEM/lĩnh vực theo chương trình,Thạc sĩ/hoặc tương đương (một số cho cử nhân mạnh),Không nêu,Không nêu,Không bắt buộc,Học thuật & research fit,Theo quy định TIGP,HS online + referees,https://tigp.sinica.edu.tw/pages/3446,Stipend công bố chính thức,Có,,,
Imperial College London President’s PhD Scholarships,Imperial College London,Trường,Full tuition (3.5 năm) + generous stipend,Rất cạnh tranh; cần có supervisor đồng ý,Trực tuyến,Q3–Q1,Theo vòng,Theo vòng,Không nêu,Có,Mở toàn cầu,Không,Không giới hạn,Thạc sĩ/hoặc Cử nhân xuất sắc,Không nêu,Không nêu,Không bắt buộc,Học thuật xuất sắc & đề cương,Theo Imperial,HS online + supervisor consent,https://www.imperial.ac.uk/study/fees-and-funding/postgraduate-doctoral/grants-scholarships/presidents-phd/,Yêu cầu liên hệ supervisor trước khi nộp,Có,,,
Pierre Elliott Trudeau Foundation Doctoral Scholarships,Pierre Elliott Trudeau Foundation,Quỹ / Tổ chức,"Tối đa ~CAD $50,000/năm x 3 năm (+ tới $20,000/năm hoạt động học thuật)",Chương trình 3 năm phát triển lãnh đạo,Trực tuyến (được trường đề cử),Q3–Q4,Theo call,Theo call,Không nêu,Có,Mở toàn cầu (đề tài liên quan KHXH/Chính sách công),Không,KHXH & lĩnh vực liên quan,Thạc sĩ/hoặc tương đương,Không nêu,Không nêu,Không bắt buộc,Học thuật & leadership & dấn thân xã hội,Theo Foundation,HS online + nomination,https://www.trudeaufoundation.ca/scholarship,Giá trị theo Foundation,Có,,,
Cambridge International PhD Scholarships (Cambridge Trust),Cambridge Trust (University of Cambridge),Quỹ / Tổ chức,Hỗ trợ toàn phần/khác nhau theo gói,Cho ứng viên **không thuộc UK/IE** có xếp hạng cao,Trực tuyến (tự động xét cùng hồ sơ),Q4–Q1,Theo vòng,Theo vòng,Không nêu,Có,Ứng viên ngoài UK/IE,Non-UK/IE,Không,Đa ngành tại Cambridge,Thạc sĩ/hoặc tương đương,Không nêu,Không nêu,Không bắt buộc,Học thuật & tiềm năng nghiên cứu,Duy trì tiến độ,HS nộp qua Cambridge,https://www.cambridgetrust.org/scholarships/cambridge-international-scholarship,Chọn theo xếp hạng của khoa,Có,,
Clarendon Scholarships (Oxford) – DPhil/PhD,University of Oxford (Clarendon Fund),Trường,Fully-funded: học phí + grant sinh hoạt (thời gian fee liability),Tự động xét khi nộp đúng hạn course,Không cần nộp riêng,Q4–Q1,Theo hạn khoa,Theo hạn khoa,~200+/năm (toàn ĐH; cả Taught/Research),Có,Mở toàn cầu,Không,Đa ngành tại Oxford,Thạc sĩ/hoặc tương đương,Không nêu,Không nêu,Không bắt buộc,Học thuật xuất sắc,Duy trì tiến độ,HS khóa DPhil,Theo quy trình Oxford,https://www.ox.ac.uk/clarendon,Thông tin “fully-funded” nêu rõ trên trang Oxford,Có,,
UCL Overseas Research Scholarships (ORS),University College London (UCL),Trường,Miễn học phí mức Overseas (thường kết hợp stipend từ nguồn khác),Mục tiêu thu hút NCS quốc tế chất lượng cao,Trực tuyến (theo call),Q4–Q1,Theo call,Theo call,Không nêu,Có,Mở toàn cầu,Không,Không giới hạn,PhD tại UCL,Thạc sĩ/hoặc tương đương,Không nêu,Không nêu,Không bắt buộc,Học thuật & research potential,Theo UCL,HS online,https://www.ucl.ac.uk/social-historical-sciences/economics/study/postgraduate-research/sources-funding,Thường đi kèm GRS/RES tuỳ năm,Có,,
KAUST Fellowship – PhD,King Abdullah University of Science & Technology (KAUST),Trường,"Full tuition + bench fees (tới ~$35k/năm) + stipend ~$25k–$30k/năm + nhà ở, BHYT, hỗ trợ di chuyển",Tự động cấp cho **mọi NCS trúng tuyển**,Trực tuyến (apply chương trình PhD),Q1–Q4 (cuộn),Liên tục,Liên tục,Không nêu,Có,Mở toàn cầu,Không,STEM tại KAUST,Thạc sĩ/hoặc tương đương,Không nêu,Không nêu,Không bắt buộc,Học thuật & research fit,Duy trì tiến độ,HS online,https://admissions.kaust.edu.sa/fees-funding,KAUST xác nhận “mọi NCS đều được fellowship”,Có,,,
NUS President’s Graduate Fellowship (PGF) – PhD,National University of Singapore (NUS),Trường,"Full tuition + stipend theo quốc tịch (ví dụ: S$3,400–S$4,300/tháng; tối đa 4 năm)",By-nomination; chọn mỗi học kỳ,Trực tuyến (qua khoa,được NUS đề cử),Q1–Q2 & Q3–Q4,Theo vòng,Theo vòng,Không nêu,Có,Mở toàn cầu,Không,Đa ngành tại NUS,Thạc sĩ/hoặc tương đương (một số ngành nhận cử nhân xuất sắc),Không nêu,Không nêu,Không bắt buộc,Học thuật & tiềm năng nghiên cứu,Duy trì tiến độ (review mỗi kỳ),HS online + referees,https://fass.nus.edu.sg/prospective-students/graduate/research/scholarships/presidents-graduate-fellowship/,Có bảng stipend công bố chính thức,Có,,
Türkiye Scholarships (YTB) – PhD,YTB (Republic of Türkiye),Chính phủ,"Full: học phí, sinh hoạt, nhà ở/hoặc trợ cấp, BHYT, vé máy bay (theo thông báo)",Tuyển toàn cầu nhiều ngành,Trực tuyến (YTB portal),Q1 (thường),Theo call,Theo call,Không nêu,Có,Mở toàn cầu,Không,Đa ngành tại ĐH Thổ Nhĩ Kỳ,Thạc sĩ/hoặc tương đương,Không nêu,Không nêu,Không bắt buộc,Học thuật & động lực,Duy trì tiến độ,HS online,https://www.turkiyeburslari.gov.tr/,Chi tiết thay đổi theo năm/cấp bậc,Có,,,
Vanier Canada Graduate Scholarships (PhD),Government of Canada (Tri-Agency),Chính phủ,"CAD $50,000/năm x 3 năm",Ba tiêu chí: Học thuật – Tiềm năng nghiên cứu – Lãnh đạo (cân bằng),Được **trường Canada đề cử**,Q3–Q4,Theo call,Theo call,~nhiều (quota theo trường/council),Có,Mở toàn cầu (nộp qua ĐH Canada),Theo quota từng council,Không,Đa ngành (SSH/NSERC/CIHR),Thạc sĩ/hoặc tương đương,Không nêu,Không nêu,Không bắt buộc,Học thuật & leadership,Duy trì tiến độ theo quy định,HS online + nomination,https://vanier.gc.ca/en/home-accueil.html,Phải nộp qua trường có quota Vanier,Có,,